aoa[deg],-30,-28,-26,-24,-22,-20,-18,-16,-14,-12,-10,-8,-6,-4,-2,0,2,4,6,8,10,12,14,16,18,20,22,24,26,28,30
cl/cd[-],-5.5,-5.5,-5,-5,-4.5,-4,-3.5,-3,-2,-1,0,0.75,1.75,3.25,4.75,6.25,8,9.5,11.25,12.25,12.75,12.75,12.25,11.75,11,10,8.5,7,5,4,3
Snippet 1,,,,,,,,,,,,,,,,,,,,,,,,,,,,,,,
mass[kg], area[m^2], cd[-], pitch_angle[deg], vel_x[m/s] , vel_y[m/s], prop_speed[rpm], est_wind_x[m/s], est_wind_y[m/s],,,,,,,,,,,,,,,,,,,,,,,
15,0.625,0.13,0.35,27.82,1.62,5729.29,2.5,0.1,,,,,,,,,,,,,,,,,,,,,,,
15,0.625,0.13,0.35,27.85,1.61,5705.11,2.5,0.1,,,,,,,,,,,,,,,,,,,,,,,
15,0.625,0.13,0.35,27.88,1.64,5674.96,2.6,0.1,,,,,,,,,,,,,,,,,,,,,,,
15,0.625,0.13,0.35,27.91,1.68,5627.92,2.5,0.1,,,,,,,,,,,,,,,,,,,,,,,
15,0.625,0.13,0.35,27.94,1.67,5677.27,2.6,0.1,,,,,,,,,,,,,,,,,,,,,,,
15,0.625,0.13,0.35,27.97,1.65,5685.42,2.6,0.1,,,,,,,,,,,,,,,,,,,,,,,
15,0.625,0.13,0.35,27.99,1.71,5647.01,2.6,0.1,,,,,,,,,,,,,,,,,,,,,,,
15,0.625,0.13,0.35,28.01,1.71,5587.21,2.6,0.1,,,,,,,,,,,,,,,,,,,,,,,
15,0.625,0.13,0.35,28.02,1.72,5541.31,2.6,0.1,,,,,,,,,,,,,,,,,,,,,,,
15,0.625,0.13,0.35,28.03,1.7,5482.82,2.6,0.1,,,,,,,,,,,,,,,,,,,,,,,
15,0.625,0.13,0.35,28.02,1.67,5426.25,2.6,0.1,,,,,,,,,,,,,,,,,,,,,,,
15,0.625,0.13,0.35,28.02,1.72,5399.99,2.5,0.1,,,,,,,,,,,,,,,,,,,,,,,
15,0.625,0.13,0.35,28,1.73,5360.1,2.6,0.1,,,,,,,,,,,,,,,,,,,,,,,
15,0.625,0.13,0.36,27.99,1.8,5301.96,2.5,0.2,,,,,,,,,,,,,,,,,,,,,,,
15,0.625,0.13,0.36,27.97,1.84,5268.09,2.5,0.2,,,,,,,,,,,,,,,,,,,,,,,
15,0.625,0.13,0.36,27.95,1.91,5306.96,2.5,0.3,,,,,,,,,,,,,,,,,,,,,,,
15,0.625,0.13,0.36,27.93,1.87,5291.05,2.5,0.3,,,,,,,,,,,,,,,,,,,,,,,
15,0.625,0.13,0.37,27.91,1.91,5305.82,2.4,0.3,,,,,,,,,,,,,,,,,,,,,,,
15,0.625,0.13,0.37,27.89,1.86,5303.79,2.4,0.3,,,,,,,,,,,,,,,,,,,,,,,
15,0.625,0.13,0.37,27.87,1.85,5277.36,2.5,0.3,,,,,,,,,,,,,,,,,,,,,,,
15,0.625,0.13,0.38,27.86,1.88,5304.08,2.5,0.3,,,,,,,,,,,,,,,,,,,,,,,
15,0.625,0.13,0.38,27.85,1.82,5305.59,2.5,0.2,,,,,,,,,,,,,,,,,,,,,,,
15,0.625,0.13,0.38,27.84,1.82,5348.65,2.5,0.2,,,,,,,,,,,,,,,,,,,,,,,
15,0.625,0.13,0.39,27.84,1.82,5393.9,2.5,0.2,,,,,,,,,,,,,,,,,,,,,,,
15,0.625,0.13,0.39,27.83,1.8,5377.09,2.5,0.2,,,,,,,,,,,,,,,,,,,,,,,
15,0.625,0.13,0.39,27.83,1.86,5395.33,2.4,0.3,,,,,,,,,,,,,,,,,,,,,,,
15,0.625,0.13,0.39,27.83,1.93,5445.46,2.4,0.3,,,,,,,,,,,,,,,,,,,,,,,
15,0.625,0.13,0.4,27.82,1.88,5475.31,2.4,0.3,,,,,,,,,,,,,,,,,,,,,,,
15,0.625,0.13,0.4,27.82,1.93,5474.69,2.4,0.3,,,,,,,,,,,,,,,,,,,,,,,
15,0.625,0.13,0.4,27.83,1.9,5522.42,2.4,0.3,,,,,,,,,,,,,,,,,,,,,,,
15,0.625,0.13,0.4,27.83,1.9,5517.36,2.3,0.3,,,,,,,,,,,,,,,,,,,,,,,
15,0.625,0.13,0.41,27.84,1.87,5560.82,2.4,0.3,,,,,,,,,,,,,,,,,,,,,,,
15,0.625,0.13,0.41,27.85,1.86,5591.67,2.4,0.2,,,,,,,,,,,,,,,,,,,,,,,
15,0.625,0.13,0.42,27.86,1.82,5563.09,2.4,0.2,,,,,,,,,,,,,,,,,,,,,,,
15,0.625,0.13,0.42,27.87,1.85,5518.98,2.4,0.2,,,,,,,,,,,,,,,,,,,,,,,
15,0.625,0.13,0.43,27.87,1.86,5524.67,2.5,0.2,,,,,,,,,,,,,,,,,,,,,,,
15,0.625,0.13,0.43,27.89,1.89,5572.66,2.5,0.3,,,,,,,,,,,,,,,,,,,,,,,
15,0.625,0.13,0.44,27.9,1.93,5580.29,2.5,0.3,,,,,,,,,,,,,,,,,,,,,,,
15,0.625,0.13,0.44,27.92,1.94,5568.13,2.5,0.3,,,,,,,,,,,,,,,,,,,,,,,
15,0.625,0.13,0.45,27.92,1.92,5571.46,2.5,0.3,,,,,,,,,,,,,,,,,,,,,,,
15,0.625,0.13,0.46,27.94,1.95,5575.7,2.5,0.3,,,,,,,,,,,,,,,,,,,,,,,
15,0.625,0.13,0.46,27.94,1.9,5538.27,2.5,0.3,,,,,,,,,,,,,,,,,,,,,,,
15,0.625,0.13,0.47,27.95,1.87,5542.28,2.5,0.2,,,,,,,,,,,,,,,,,,,,,,,
15,0.625,0.13,0.47,27.96,1.9,5547.97,2.5,0.3,,,,,,,,,,,,,,,,,,,,,,,
15,0.625,0.13,0.48,27.97,1.83,5588.06,2.6,0.2,,,,,,,,,,,,,,,,,,,,,,,
15,0.625,0.13,0.48,27.98,1.78,5635.53,2.6,0.1,,,,,,,,,,,,,,,,,,,,,,,
15,0.625,0.13,0.49,27.99,1.77,5577.24,2.6,0.1,,,,,,,,,,,,,,,,,,,,,,,
15,0.625,0.13,0.49,28.01,1.73,5615.82,2.6,0.1,,,,,,,,,,,,,,,,,,,,,,,
15,0.625,0.13,0.5,28.02,1.8,5618.93,2.6,0.1,,,,,,,,,,,,,,,,,,,,,,,
15,0.625,0.13,0.5,28.03,1.77,5594.85,2.5,0.1,,,,,,,,,,,,,,,,,,,,,,,
15,0.625,0.13,0.51,28.03,1.82,5582.55,2.5,0.1,,,,,,,,,,,,,,,,,,,,,,,
15,0.625,0.13,0.52,28.04,1.83,5565.16,2.6,0.2,,,,,,,,,,,,,,,,,,,,,,,
15,0.625,0.13,0.52,28.04,1.91,5507.75,2.5,0.2,,,,,,,,,,,,,,,,,,,,,,,
15,0.625,0.13,0.53,28.03,1.91,5451.92,2.6,0.2,,,,,,,,,,,,,,,,,,,,,,,
15,0.625,0.13,0.54,28.02,1.87,5470.98,2.5,0.2,,,,,,,,,,,,,,,,,,,,,,,
15,0.625,0.13,0.55,28.01,1.89,5441.68,2.5,0.2,,,,,,,,,,,,,,,,,,,,,,,
15,0.625,0.13,0.56,28,1.92,5489.55,2.5,0.2,,,,,,,,,,,,,,,,,,,,,,,
15,0.625,0.13,0.56,28,1.87,5533.37,2.5,0.2,,,,,,,,,,,,,,,,,,,,,,,
15,0.625,0.13,0.57,27.99,1.88,5506.37,2.4,0.2,,,,,,,,,,,,,,,,,,,,,,,
15,0.625,0.13,0.58,27.99,1.85,5555.96,2.5,0.1,,,,,,,,,,,,,,,,,,,,,,,
15,0.625,0.13,0.59,27.99,1.87,5556.72,2.5,0.2,,,,,,,,,,,,,,,,,,,,,,,
15,0.625,0.13,0.61,27.99,1.94,5508.37,2.5,0.2,,,,,,,,,,,,,,,,,,,,,,,
15,0.625,0.13,0.62,27.99,1.92,5561.66,2.5,0.2,,,,,,,,,,,,,,,,,,,,,,,
15,0.625,0.13,0.63,27.99,1.99,5570.65,2.5,0.3,,,,,,,,,,,,,,,,,,,,,,,
15,0.625,0.13,0.64,27.99,2.04,5569.36,2.5,0.3,,,,,,,,,,,,,,,,,,,,,,,
15,0.625,0.13,0.65,27.99,2.06,5533.84,2.5,0.3,,,,,,,,,,,,,,,,,,,,,,,
15,0.625,0.13,0.67,27.99,2.1,5592.22,2.5,0.4,,,,,,,,,,,,,,,,,,,,,,,
15,0.625,0.13,0.68,28,2.09,5579.79,2.5,0.3,,,,,,,,,,,,,,,,,,,,,,,
15,0.625,0.13,0.7,27.99,2.11,5535.5,2.5,0.3,,,,,,,,,,,,,,,,,,,,,,,
15,0.625,0.13,0.71,27.98,2.11,5517.26,2.5,0.3,,,,,,,,,,,,,,,,,,,,,,,
15,0.625,0.13,0.72,27.97,2.15,5510.8,2.5,0.4,,,,,,,,,,,,,,,,,,,,,,,
15,0.625,0.13,0.74,27.97,2.14,5523.5,2.5,0.4,,,,,,,,,,,,,,,,,,,,,,,
15,0.625,0.13,0.75,27.96,2.2,5549.96,2.5,0.4,,,,,,,,,,,,,,,,,,,,,,,
15,0.625,0.13,0.77,27.95,2.26,5495.77,2.5,0.5,,,,,,,,,,,,,,,,,,,,,,,
15,0.625,0.13,0.79,27.94,2.25,5460.99,2.5,0.5,,,,,,,,,,,,,,,,,,,,,,,
15,0.625,0.13,0.81,27.92,2.33,5435.45,2.5,0.5,,,,,,,,,,,,,,,,,,,,,,,
15,0.625,0.13,0.83,27.9,2.37,5447.88,2.4,0.6,,,,,,,,,,,,,,,,,,,,,,,
15,0.625,0.13,0.85,27.88,2.43,5394.62,2.5,0.6,,,,,,,,,,,,,,,,,,,,,,,
15,0.625,0.13,0.87,27.86,2.42,5397.96,2.5,0.6,,,,,,,,,,,,,,,,,,,,,,,
15,0.625,0.13,0.89,27.84,2.47,5413.73,2.4,0.6,,,,,,,,,,,,,,,,,,,,,,,
15,0.625,0.13,0.91,27.82,2.43,5449.69,2.5,0.6,,,,,,,,,,,,,,,,,,,,,,,
15,0.625,0.13,0.93,27.8,2.39,5393.78,2.5,0.6,,,,,,,,,,,,,,,,,,,,,,,
15,0.625,0.13,0.95,27.78,2.41,5362.28,2.5,0.6,,,,,,,,,,,,,,,,,,,,,,,
15,0.625,0.13,0.98,27.75,2.43,5321.43,2.5,0.6,,,,,,,,,,,,,,,,,,,,,,,
15,0.625,0.13,1,27.73,2.37,5355.53,2.5,0.5,,,,,,,,,,,,,,,,,,,,,,,
15,0.625,0.13,1.02,27.7,2.33,5334.84,2.5,0.5,,,,,,,,,,,,,,,,,,,,,,,
15,0.625,0.13,1.05,27.68,2.29,5332.2,2.5,0.4,,,,,,,,,,,,,,,,,,,,,,,
15,0.625,0.13,1.07,27.65,2.32,5292.88,2.5,0.5,,,,,,,,,,,,,,,,,,,,,,,
15,0.625,0.13,1.09,27.62,2.31,5243.13,2.5,0.5,,,,,,,,,,,,,,,,,,,,,,,
15,0.625,0.13,1.12,27.58,2.32,5207.13,2.5,0.5,,,,,,,,,,,,,,,,,,,,,,,
15,0.625,0.13,1.14,27.54,2.34,5169.79,2.5,0.5,,,,,,,,,,,,,,,,,,,,,,,
15,0.625,0.13,1.17,27.51,2.36,5217.97,2.5,0.5,,,,,,,,,,,,,,,,,,,,,,,
15,0.625,0.13,1.2,27.47,2.35,5242.45,2.4,0.5,,,,,,,,,,,,,,,,,,,,,,,
15,0.625,0.13,1.22,27.44,2.39,5235.49,2.4,0.5,,,,,,,,,,,,,,,,,,,,,,,
15,0.625,0.13,1.25,27.41,2.37,5289.49,2.4,0.5,,,,,,,,,,,,,,,,,,,,,,,
15,0.625,0.13,1.28,27.38,2.33,5288.91,2.4,0.4,,,,,,,,,,,,,,,,,,,,,,,
15,0.625,0.13,1.31,27.35,2.32,5335.51,2.4,0.4,,,,,,,,,,,,,,,,,,,,,,,
15,0.625,0.13,1.34,27.33,2.27,5377.25,2.4,0.4,,,,,,,,,,,,,,,,,,,,,,,
15,0.625,0.13,1.37,27.32,2.27,5409.65,2.4,0.4,,,,,,,,,,,,,,,,,,,,,,,
15,0.625,0.13,1.4,27.3,2.25,5363.43,2.4,0.3,,,,,,,,,,,,,,,,,,,,,,,
15,0.625,0.13,1.43,27.28,2.27,5388.07,2.4,0.3,,,,,,,,,,,,,,,,,,,,,,,
Snippet 2,,,,,,,,,,,,,,,,,,,,,,,,,,,,,,,
mass[kg], area[m^2], cd[-], pitch_angle[deg], vel_x[m/s] , vel_y[m/s], prop_speed[rpm], est_wind_x[m/s], est_wind_y[m/s],,,,,,,,,,,,,,,,,,,,,,,
15,0.625,0.13,-4.28,25.62,-1.94,5441.33,5,-0.1,,,,,,,,,,,,,,,,,,,,,,,
15,0.625,0.13,-4.28,26.08,-1.84,5408.86,5,-0.1,,,,,,,,,,,,,,,,,,,,,,,
15,0.625,0.13,-4.27,26.53,-1.71,5387.31,5,0,,,,,,,,,,,,,,,,,,,,,,,
15,0.625,0.13,-4.26,26.93,-1.57,5363.41,5,0,,,,,,,,,,,,,,,,,,,,,,,
15,0.625,0.13,-4.25,27.32,-1.44,5390.48,4.9,0,,,,,,,,,,,,,,,,,,,,,,,
15,0.625,0.13,-4.24,27.67,-1.32,5355.51,4.9,0,,,,,,,,,,,,,,,,,,,,,,,
15,0.625,0.13,-4.23,28.01,-1.2,5406.83,4.8,0.1,,,,,,,,,,,,,,,,,,,,,,,
15,0.625,0.13,-4.22,28.32,-1.14,5447.68,4.8,0.1,,,,,,,,,,,,,,,,,,,,,,,
15,0.625,0.13,-4.21,28.62,-1.08,5413.44,4.9,0.1,,,,,,,,,,,,,,,,,,,,,,,
15,0.625,0.13,-4.2,28.89,-1.05,5379.6,4.9,0,,,,,,,,,,,,,,,,,,,,,,,
15,0.625,0.13,-4.18,29.15,-0.98,5407.6,4.9,0.1,,,,,,,,,,,,,,,,,,,,,,,
15,0.625,0.13,-4.17,29.4,-0.95,5391.52,4.9,0,,,,,,,,,,,,,,,,,,,,,,,
15,0.625,0.13,-4.16,29.62,-0.93,5360.54,4.9,0,,,,,,,,,,,,,,,,,,,,,,,
15,0.625,0.13,-4.14,29.85,-0.86,5398.1,5,0,,,,,,,,,,,,,,,,,,,,,,,
15,0.625,0.13,-4.13,30.06,-0.79,5384.6,5,0.1,,,,,,,,,,,,,,,,,,,,,,,
15,0.625,0.13,-4.11,30.27,-0.72,5392.22,5,0.1,,,,,,,,,,,,,,,,,,,,,,,
15,0.625,0.13,-4.09,30.46,-0.63,5344.53,5,0.2,,,,,,,,,,,,,,,,,,,,,,,
15,0.625,0.13,-4.07,30.64,-0.56,5335.95,5,0.2,,,,,,,,,,,,,,,,,,,,,,,
15,0.625,0.13,-4.05,30.8,-0.54,5322.31,5,0.2,,,,,,,,,,,,,,,,,,,,,,,
15,0.625,0.13,-4.03,30.96,-0.52,5372.01,5,0.2,,,,,,,,,,,,,,,,,,,,,,,
15,0.625,0.13,-4.01,31.11,-0.54,5380.12,5,0.2,,,,,,,,,,,,,,,,,,,,,,,
15,0.625,0.13,-3.98,31.26,-0.48,5385.08,5,0.2,,,,,,,,,,,,,,,,,,,,,,,
15,0.625,0.13,-3.96,31.4,-0.42,5378.88,5,0.2,,,,,,,,,,,,,,,,,,,,,,,
15,0.625,0.13,-3.93,31.54,-0.37,5424.32,5,0.2,,,,,,,,,,,,,,,,,,,,,,,
15,0.625,0.13,-3.91,31.66,-0.36,5406.99,5,0.2,,,,,,,,,,,,,,,,,,,,,,,
15,0.625,0.13,-3.88,31.78,-0.38,5438.44,5,0.2,,,,,,,,,,,,,,,,,,,,,,,
15,0.625,0.13,-3.85,31.89,-0.4,5420.32,4.9,0.1,,,,,,,,,,,,,,,,,,,,,,,
15,0.625,0.13,-3.82,31.98,-0.41,5403.82,4.9,0.1,,,,,,,,,,,,,,,,,,,,,,,
15,0.625,0.13,-3.79,32.08,-0.45,5438.36,4.9,0,,,,,,,,,,,,,,,,,,,,,,,
15,0.625,0.13,-3.76,32.18,-0.35,5402.85,4.9,0.1,,,,,,,,,,,,,,,,,,,,,,,
15,0.625,0.13,-3.72,32.26,-0.38,5358.35,5,0.1,,,,,,,,,,,,,,,,,,,,,,,
15,0.625,0.13,-3.69,32.33,-0.35,5373.95,4.9,0.1,,,,,,,,,,,,,,,,,,,,,,,
15,0.625,0.13,-3.66,32.41,-0.36,5432.61,4.9,0,,,,,,,,,,,,,,,,,,,,,,,
15,0.625,0.13,-3.62,32.49,-0.26,5439.9,4.9,0.1,,,,,,,,,,,,,,,,,,,,,,,
15,0.625,0.13,-3.59,32.55,-0.26,5400.83,4.9,0.1,,,,,,,,,,,,,,,,,,,,,,,
15,0.625,0.13,-3.55,32.61,-0.19,5345.28,4.9,0.1,,,,,,,,,,,,,,,,,,,,,,,
15,0.625,0.13,-3.51,32.66,-0.12,5297.04,4.9,0.1,,,,,,,,,,,,,,,,,,,,,,,
15,0.625,0.13,-3.47,32.7,-0.08,5288.18,4.9,0.2,,,,,,,,,,,,,,,,,,,,,,,
15,0.625,0.13,-3.44,32.74,-0.08,5345.26,4.9,0.2,,,,,,,,,,,,,,,,,,,,,,,
15,0.625,0.13,-3.4,32.79,-0.08,5399.99,4.9,0.1,,,,,,,,,,,,,,,,,,,,,,,
15,0.625,0.13,-3.36,32.83,-0.04,5383.15,5,0.2,,,,,,,,,,,,,,,,,,,,,,,
15,0.625,0.13,-3.32,32.88,0.03,5381.74,5,0.2,,,,,,,,,,,,,,,,,,,,,,,
15,0.625,0.13,-3.28,32.92,0.06,5404.6,5,0.2,,,,,,,,,,,,,,,,,,,,,,,
15,0.625,0.13,-3.24,32.96,0.01,5404.66,5,0.2,,,,,,,,,,,,,,,,,,,,,,,
15,0.625,0.13,-3.19,32.99,0,5367.6,5.1,0.1,,,,,,,,,,,,,,,,,,,,,,,
15,0.625,0.13,-3.15,33.02,0.09,5382.8,5,0.2,,,,,,,,,,,,,,,,,,,,,,,
15,0.625,0.13,-3.1,33.05,0.17,5369.23,5,0.2,,,,,,,,,,,,,,,,,,,,,,,
15,0.625,0.13,-3.06,33.08,0.22,5397.41,5,0.2,,,,,,,,,,,,,,,,,,,,,,,
15,0.625,0.13,-3.01,33.1,0.26,5455.34,5,0.3,,,,,,,,,,,,,,,,,,,,,,,
15,0.625,0.13,-2.96,33.13,0.33,5432.26,5,0.3,,,,,,,,,,,,,,,,,,,,,,,
15,0.625,0.13,-2.92,33.14,0.31,5413,4.9,0.3,,,,,,,,,,,,,,,,,,,,,,,
15,0.625,0.13,-2.87,33.15,0.36,5411.02,4.9,0.3,,,,,,,,,,,,,,,,,,,,,,,
15,0.625,0.13,-2.82,33.16,0.34,5381.6,5,0.2,,,,,,,,,,,,,,,,,,,,,,,
15,0.625,0.13,-2.77,33.17,0.46,5400.62,4.9,0.3,,,,,,,,,,,,,,,,,,,,,,,
15,0.625,0.13,-2.71,33.17,0.4,5405.3,4.9,0.2,,,,,,,,,,,,,,,,,,,,,,,
15,0.625,0.13,-2.66,33.17,0.37,5400.66,4.9,0.2,,,,,,,,,,,,,,,,,,,,,,,
15,0.625,0.13,-2.61,33.17,0.48,5422.14,4.9,0.2,,,,,,,,,,,,,,,,,,,,,,,
15,0.625,0.13,-2.55,33.18,0.55,5470.24,4.9,0.3,,,,,,,,,,,,,,,,,,,,,,,
15,0.625,0.13,-2.5,33.17,0.54,5418.91,4.9,0.3,,,,,,,,,,,,,,,,,,,,,,,
15,0.625,0.13,-2.44,33.17,0.52,5443.33,4.9,0.2,,,,,,,,,,,,,,,,,,,,,,,
15,0.625,0.13,-2.39,33.16,0.49,5397.71,5,0.2,,,,,,,,,,,,,,,,,,,,,,,
15,0.625,0.13,-2.33,33.15,0.47,5422.33,5,0.1,,,,,,,,,,,,,,,,,,,,,,,
15,0.625,0.13,-2.27,33.15,0.43,5400.12,5,0.1,,,,,,,,,,,,,,,,,,,,,,,
15,0.625,0.13,-2.21,33.14,0.49,5397.79,5,0.1,,,,,,,,,,,,,,,,,,,,,,,
15,0.625,0.13,-2.15,33.13,0.46,5438.2,5,0,,,,,,,,,,,,,,,,,,,,,,,
15,0.625,0.13,-2.09,33.12,0.48,5382.39,5,0,,,,,,,,,,,,,,,,,,,,,,,
15,0.625,0.13,-2.03,33.1,0.56,5346.37,5.1,0.1,,,,,,,,,,,,,,,,,,,,,,,
15,0.625,0.13,-1.97,33.09,0.63,5377.56,5.1,0.1,,,,,,,,,,,,,,,,,,,,,,,
15,0.625,0.13,-1.91,33.07,0.72,5320.63,5.1,0.2,,,,,,,,,,,,,,,,,,,,,,,
15,0.625,0.13,-1.85,33.04,0.8,5264.56,5.1,0.2,,,,,,,,,,,,,,,,,,,,,,,
15,0.625,0.13,-1.78,33.02,0.86,5258.13,5.1,0.3,,,,,,,,,,,,,,,,,,,,,,,
15,0.625,0.13,-1.72,32.98,0.85,5252.24,5.1,0.2,,,,,,,,,,,,,,,,,,,,,,,
15,0.625,0.13,-1.65,32.94,0.86,5227.63,5,0.2,,,,,,,,,,,,,,,,,,,,,,,
15,0.625,0.13,-1.58,32.9,0.82,5225.91,5,0.2,,,,,,,,,,,,,,,,,,,,,,,
15,0.625,0.13,-1.52,32.86,0.84,5200.26,5.1,0.1,,,,,,,,,,,,,,,,,,,,,,,
15,0.625,0.13,-1.45,32.82,0.9,5175.19,5,0.2,,,,,,,,,,,,,,,,,,,,,,,
15,0.625,0.13,-1.38,32.77,0.89,5127.62,5,0.1,,,,,,,,,,,,,,,,,,,,,,,
15,0.625,0.13,-1.31,32.72,0.85,5111.58,5.1,0.1,,,,,,,,,,,,,,,,,,,,,,,
15,0.625,0.13,-1.23,32.66,0.88,5090.47,5,0.1,,,,,,,,,,,,,,,,,,,,,,,
15,0.625,0.13,-1.16,32.62,0.94,5148.2,5,0.1,,,,,,,,,,,,,,,,,,,,,,,
15,0.625,0.13,-1.09,32.57,0.96,5157.94,5.1,0.1,,,,,,,,,,,,,,,,,,,,,,,
15,0.625,0.13,-1.01,32.52,1,5101.82,5.1,0.1,,,,,,,,,,,,,,,,,,,,,,,
15,0.625,0.13,-0.94,32.46,1.08,5082.79,5,0.1,,,,,,,,,,,,,,,,,,,,,,,
15,0.625,0.13,-0.86,32.4,1.1,5038.01,5,0.1,,,,,,,,,,,,,,,,,,,,,,,
15,0.625,0.13,-0.78,32.33,1.14,5057.27,4.9,0.1,,,,,,,,,,,,,,,,,,,,,,,
15,0.625,0.13,-0.7,32.27,1.22,5076.13,4.9,0.2,,,,,,,,,,,,,,,,,,,,,,,
15,0.625,0.13,-0.62,32.21,1.18,5108.14,4.9,0.1,,,,,,,,,,,,,,,,,,,,,,,
15,0.625,0.13,-0.54,32.15,1.28,5061.26,4.9,0.2,,,,,,,,,,,,,,,,,,,,,,,
15,0.625,0.13,-0.46,32.09,1.28,5051.64,4.9,0.2,,,,,,,,,,,,,,,,,,,,,,,
15,0.625,0.13,-0.38,32.02,1.37,4996.06,4.9,0.2,,,,,,,,,,,,,,,,,,,,,,,
15,0.625,0.13,-0.29,31.95,1.37,5020.51,5,0.2,,,,,,,,,,,,,,,,,,,,,,,
15,0.625,0.13,-0.21,31.89,1.37,5010.38,5,0.2,,,,,,,,,,,,,,,,,,,,,,,
15,0.625,0.13,-0.12,31.83,1.44,5035.07,5,0.2,,,,,,,,,,,,,,,,,,,,,,,
15,0.625,0.13,-0.03,31.77,1.5,5066.84,5,0.3,,,,,,,,,,,,,,,,,,,,,,,
15,0.625,0.13,0.05,31.71,1.57,5025.66,5,0.3,,,,,,,,,,,,,,,,,,,,,,,
15,0.625,0.13,0.14,31.66,1.58,5081.48,5,0.3,,,,,,,,,,,,,,,,,,,,,,,
15,0.625,0.13,0.23,31.6,1.63,5083.27,5,0.3,,,,,,,,,,,,,,,,,,,,,,,
15,0.625,0.13,0.32,31.54,1.73,5099.09,5,0.3,,,,,,,,,,,,,,,,,,,,,,,
15,0.625,0.13,0.41,31.48,1.74,5067.1,4.9,0.3,,,,,,,,,,,,,,,,,,,,,,,
15,0.625,0.13,0.5,31.41,1.85,5054.23,4.9,0.4,,,,,,,,,,,,,,,,,,,,,,,
15,0.625,0.13,0.59,31.35,1.81,5109.11,5,0.4,,,,,,,,,,,,,,,,,,,,,,,
Snippet 3,,,,,,,,,,,,,,,,,,,,,,,,,,,,,,,
mass[kg], area[m^2], cd[-], pitch_angle[deg], vel_x[m/s] , vel_y[m/s], prop_speed[rpm], est_wind_x[m/s], est_wind_y[m/s],,,,,,,,,,,,,,,,,,,,,,,
15,0.625,0.13,0.3,26.61,0.94,5184.8,0.5,0,,,,,,,,,,,,,,,,,,,,,,,
15,0.625,0.13,0.3,26.61,0.93,5210.07,0.5,-0.1,,,,,,,,,,,,,,,,,,,,,,,
15,0.625,0.13,0.3,26.62,0.89,5228.86,0.6,-0.1,,,,,,,,,,,,,,,,,,,,,,,
15,0.625,0.13,0.3,26.63,0.87,5286.36,0.6,-0.1,,,,,,,,,,,,,,,,,,,,,,,
15,0.625,0.13,0.3,26.64,0.84,5301.23,0.5,-0.1,,,,,,,,,,,,,,,,,,,,,,,
15,0.625,0.13,0.3,26.65,0.87,5347.34,0.5,-0.1,,,,,,,,,,,,,,,,,,,,,,,
15,0.625,0.13,0.3,26.66,0.8,5310.31,0.5,-0.2,,,,,,,,,,,,,,,,,,,,,,,
15,0.625,0.13,0.3,26.67,0.87,5291.21,0.5,-0.1,,,,,,,,,,,,,,,,,,,,,,,
15,0.625,0.13,0.3,26.68,0.83,5329.14,0.5,-0.2,,,,,,,,,,,,,,,,,,,,,,,
15,0.625,0.13,0.3,26.68,0.8,5283.32,0.4,-0.2,,,,,,,,,,,,,,,,,,,,,,,
15,0.625,0.13,0.3,26.68,0.81,5256.34,0.5,-0.2,,,,,,,,,,,,,,,,,,,,,,,
15,0.625,0.13,0.3,26.68,0.84,5233.39,0.5,-0.2,,,,,,,,,,,,,,,,,,,,,,,
15,0.625,0.13,0.3,26.68,0.9,5225.9,0.4,-0.1,,,,,,,,,,,,,,,,,,,,,,,
15,0.625,0.13,0.3,26.67,0.91,5204.81,0.5,-0.1,,,,,,,,,,,,,,,,,,,,,,,
15,0.625,0.13,0.3,26.67,0.9,5225.9,0.5,-0.1,,,,,,,,,,,,,,,,,,,,,,,
15,0.625,0.13,0.3,26.67,0.88,5187.56,0.5,-0.1,,,,,,,,,,,,,,,,,,,,,,,
15,0.625,0.13,0.3,26.66,0.91,5145.8,0.6,-0.1,,,,,,,,,,,,,,,,,,,,,,,
15,0.625,0.13,0.3,26.66,0.86,5176.88,0.6,-0.1,,,,,,,,,,,,,,,,,,,,,,,
15,0.625,0.13,0.3,26.66,0.83,5235.11,0.6,-0.1,,,,,,,,,,,,,,,,,,,,,,,
15,0.625,0.13,0.3,26.67,0.86,5229.72,0.6,-0.1,,,,,,,,,,,,,,,,,,,,,,,
15,0.625,0.13,0.3,26.66,0.8,5200.55,0.5,-0.2,,,,,,,,,,,,,,,,,,,,,,,
15,0.625,0.13,0.3,26.66,0.75,5200.76,0.5,-0.2,,,,,,,,,,,,,,,,,,,,,,,
15,0.625,0.13,0.3,26.66,0.81,5232.86,0.5,-0.2,,,,,,,,,,,,,,,,,,,,,,,
15,0.625,0.13,0.3,26.66,0.76,5245.13,0.5,-0.2,,,,,,,,,,,,,,,,,,,,,,,
15,0.625,0.13,0.3,26.67,0.75,5269.48,0.5,-0.2,,,,,,,,,,,,,,,,,,,,,,,
15,0.625,0.13,0.3,26.68,0.72,5290.96,0.5,-0.3,,,,,,,,,,,,,,,,,,,,,,,
15,0.625,0.13,0.3,26.68,0.68,5243.63,0.6,-0.3,,,,,,,,,,,,,,,,,,,,,,,
15,0.625,0.13,0.3,26.68,0.74,5195.63,0.6,-0.3,,,,,,,,,,,,,,,,,,,,,,,
15,0.625,0.13,0.3,26.68,0.71,5232.3,0.5,-0.3,,,,,,,,,,,,,,,,,,,,,,,
15,0.625,0.13,0.3,26.68,0.72,5202.24,0.6,-0.3,,,,,,,,,,,,,,,,,,,,,,,
15,0.625,0.13,0.3,26.68,0.71,5171.93,0.6,-0.3,,,,,,,,,,,,,,,,,,,,,,,
15,0.625,0.13,0.29,26.68,0.75,5196.61,0.6,-0.2,,,,,,,,,,,,,,,,,,,,,,,
15,0.625,0.13,0.29,26.69,0.71,5237.38,0.6,-0.3,,,,,,,,,,,,,,,,,,,,,,,
15,0.625,0.13,0.29,26.69,0.74,5179.52,0.6,-0.2,,,,,,,,,,,,,,,,,,,,,,,
15,0.625,0.13,0.29,26.69,0.75,5198.64,0.6,-0.2,,,,,,,,,,,,,,,,,,,,,,,
15,0.625,0.13,0.29,26.68,0.72,5150.56,0.6,-0.3,,,,,,,,,,,,,,,,,,,,,,,
15,0.625,0.13,0.29,26.68,0.78,5149.71,0.6,-0.2,,,,,,,,,,,,,,,,,,,,,,,
15,0.625,0.13,0.29,26.68,0.82,5123.1,0.7,-0.2,,,,,,,,,,,,,,,,,,,,,,,
15,0.625,0.13,0.29,26.68,0.87,5174.03,0.6,-0.1,,,,,,,,,,,,,,,,,,,,,,,
15,0.625,0.13,0.29,26.68,0.85,5177.72,0.7,-0.1,,,,,,,,,,,,,,,,,,,,,,,
15,0.625,0.13,0.29,26.69,0.86,5209.01,0.6,-0.1,,,,,,,,,,,,,,,,,,,,,,,
15,0.625,0.13,0.29,26.69,0.88,5230.04,0.6,-0.1,,,,,,,,,,,,,,,,,,,,,,,
15,0.625,0.13,0.29,26.7,0.94,5232.39,0.6,0,,,,,,,,,,,,,,,,,,,,,,,
15,0.625,0.13,0.29,26.7,0.95,5189.09,0.6,0,,,,,,,,,,,,,,,,,,,,,,,
15,0.625,0.13,0.29,26.71,0.94,5241.8,0.6,0,,,,,,,,,,,,,,,,,,,,,,,
15,0.625,0.13,0.29,26.71,0.89,5283.96,0.6,-0.1,,,,,,,,,,,,,,,,,,,,,,,
15,0.625,0.13,0.29,26.72,0.89,5290.22,0.6,-0.1,,,,,,,,,,,,,,,,,,,,,,,
15,0.625,0.13,0.29,26.72,0.92,5245.26,0.5,-0.1,,,,,,,,,,,,,,,,,,,,,,,
15,0.625,0.13,0.29,26.73,0.91,5267.57,0.6,-0.1,,,,,,,,,,,,,,,,,,,,,,,
15,0.625,0.13,0.3,26.73,0.88,5253.69,0.5,-0.1,,,,,,,,,,,,,,,,,,,,,,,
15,0.625,0.13,0.3,26.72,0.83,5200.33,0.6,-0.2,,,,,,,,,,,,,,,,,,,,,,,
15,0.625,0.13,0.3,26.72,0.78,5178.67,0.5,-0.2,,,,,,,,,,,,,,,,,,,,,,,
15,0.625,0.13,0.3,26.71,0.76,5190.23,0.5,-0.2,,,,,,,,,,,,,,,,,,,,,,,
15,0.625,0.13,0.3,26.71,0.69,5231.22,0.6,-0.3,,,,,,,,,,,,,,,,,,,,,,,
15,0.625,0.13,0.31,26.71,0.68,5249.35,0.5,-0.3,,,,,,,,,,,,,,,,,,,,,,,
15,0.625,0.13,0.31,26.71,0.69,5206.58,0.5,-0.3,,,,,,,,,,,,,,,,,,,,,,,
15,0.625,0.13,0.31,26.71,0.68,5250.4,0.5,-0.3,,,,,,,,,,,,,,,,,,,,,,,
15,0.625,0.13,0.31,26.71,0.66,5241.35,0.6,-0.3,,,,,,,,,,,,,,,,,,,,,,,
15,0.625,0.13,0.31,26.71,0.59,5235.83,0.6,-0.4,,,,,,,,,,,,,,,,,,,,,,,
15,0.625,0.13,0.31,26.71,0.63,5184.13,0.6,-0.4,,,,,,,,,,,,,,,,,,,,,,,
15,0.625,0.13,0.3,26.7,0.67,5140.94,0.5,-0.3,,,,,,,,,,,,,,,,,,,,,,,
15,0.625,0.13,0.3,26.69,0.62,5139.15,0.5,-0.4,,,,,,,,,,,,,,,,,,,,,,,
15,0.625,0.13,0.3,26.67,0.61,5121.53,0.5,-0.4,,,,,,,,,,,,,,,,,,,,,,,
15,0.625,0.13,0.29,26.67,0.66,5175.86,0.5,-0.3,,,,,,,,,,,,,,,,,,,,,,,
15,0.625,0.13,0.29,26.66,0.6,5177.78,0.5,-0.4,,,,,,,,,,,,,,,,,,,,,,,
15,0.625,0.13,0.29,26.66,0.54,5206.02,0.5,-0.4,,,,,,,,,,,,,,,,,,,,,,,
15,0.625,0.13,0.28,26.65,0.49,5212.74,0.5,-0.5,,,,,,,,,,,,,,,,,,,,,,,
15,0.625,0.13,0.28,26.65,0.53,5192.14,0.5,-0.5,,,,,,,,,,,,,,,,,,,,,,,
15,0.625,0.13,0.28,26.65,0.54,5228.26,0.5,-0.5,,,,,,,,,,,,,,,,,,,,,,,
15,0.625,0.13,0.27,26.64,0.5,5187.62,0.4,-0.5,,,,,,,,,,,,,,,,,,,,,,,
15,0.625,0.13,0.27,26.64,0.46,5202.91,0.4,-0.5,,,,,,,,,,,,,,,,,,,,,,,
15,0.625,0.13,0.26,26.63,0.41,5199.57,0.4,-0.6,,,,,,,,,,,,,,,,,,,,,,,
15,0.625,0.13,0.26,26.62,0.37,5225.87,0.3,-0.6,,,,,,,,,,,,,,,,,,,,,,,
15,0.625,0.13,0.26,26.62,0.44,5275.63,0.3,-0.6,,,,,,,,,,,,,,,,,,,,,,,
15,0.625,0.13,0.25,26.62,0.46,5283.03,0.3,-0.6,,,,,,,,,,,,,,,,,,,,,,,
15,0.625,0.13,0.25,26.62,0.43,5340.47,0.2,-0.6,,,,,,,,,,,,,,,,,,,,,,,
15,0.625,0.13,0.25,26.63,0.39,5395.66,0.2,-0.6,,,,,,,,,,,,,,,,,,,,,,,
15,0.625,0.13,0.24,26.64,0.35,5449.49,0.2,-0.7,,,,,,,,,,,,,,,,,,,,,,,
15,0.625,0.13,0.24,26.64,0.31,5397.79,0.2,-0.7,,,,,,,,,,,,,,,,,,,,,,,
15,0.625,0.13,0.23,26.65,0.34,5412.84,0.2,-0.7,,,,,,,,,,,,,,,,,,,,,,,
15,0.625,0.13,0.23,26.66,0.34,5389.67,0.3,-0.7,,,,,,,,,,,,,,,,,,,,,,,
15,0.625,0.13,0.23,26.67,0.38,5364.7,0.3,-0.6,,,,,,,,,,,,,,,,,,,,,,,
15,0.625,0.13,0.22,26.69,0.39,5358.48,0.4,-0.6,,,,,,,,,,,,,,,,,,,,,,,
15,0.625,0.13,0.22,26.7,0.36,5401.8,0.4,-0.6,,,,,,,,,,,,,,,,,,,,,,,
15,0.625,0.13,0.21,26.72,0.38,5379.1,0.5,-0.6,,,,,,,,,,,,,,,,,,,,,,,
15,0.625,0.13,0.21,26.74,0.39,5431.36,0.5,-0.6,,,,,,,,,,,,,,,,,,,,,,,
15,0.625,0.13,0.21,26.75,0.42,5381.71,0.5,-0.6,,,,,,,,,,,,,,,,,,,,,,,
15,0.625,0.13,0.2,26.78,0.47,5429.96,0.5,-0.5,,,,,,,,,,,,,,,,,,,,,,,
15,0.625,0.13,0.2,26.79,0.48,5445.56,0.4,-0.5,,,,,,,,,,,,,,,,,,,,,,,
15,0.625,0.13,0.2,26.82,0.53,5496.57,0.4,-0.5,,,,,,,,,,,,,,,,,,,,,,,
15,0.625,0.13,0.2,26.84,0.53,5550.91,0.4,-0.5,,,,,,,,,,,,,,,,,,,,,,,
15,0.625,0.13,0.2,26.86,0.5,5519.95,0.4,-0.5,,,,,,,,,,,,,,,,,,,,,,,
15,0.625,0.13,0.2,26.88,0.47,5484.73,0.5,-0.5,,,,,,,,,,,,,,,,,,,,,,,
15,0.625,0.13,0.2,26.9,0.46,5480.18,0.5,-0.5,,,,,,,,,,,,,,,,,,,,,,,
15,0.625,0.13,0.2,26.92,0.44,5479.55,0.5,-0.5,,,,,,,,,,,,,,,,,,,,,,,
15,0.625,0.13,0.2,26.94,0.48,5491.85,0.5,-0.5,,,,,,,,,,,,,,,,,,,,,,,
15,0.625,0.13,0.2,26.95,0.47,5464.23,0.5,-0.5,,,,,,,,,,,,,,,,,,,,,,,
15,0.625,0.13,0.2,26.97,0.48,5454.85,0.5,-0.5,,,,,,,,,,,,,,,,,,,,,,,
15,0.625,0.13,0.2,26.98,0.54,5453.67,0.5,-0.5,,,,,,,,,,,,,,,,,,,,,,,
15,0.625,0.13,0.21,26.99,0.52,5452.08,0.5,-0.5,,,,,,,,,,,,,,,,,,,,,,,
15,0.625,0.13,0.21,26.99,0.5,5396.43,0.4,-0.5,,,,,,,,,,,,,,,,,,,,,,,
Snippet 4,,,,,,,,,,,,,,,,,,,,,,,,,,,,,,,
mass[kg], area[m^2], cd[-], pitch_angle[deg], vel_x[m/s] , vel_y[m/s], prop_speed[rpm], est_wind_x[m/s], est_wind_y[m/s],,,,,,,,,,,,,,,,,,,,,,,
15,0.625,0.13,2.34,25.21,3.16,4123.69,-3.7,-0.1,,,,,,,,,,,,,,,,,,,,,,,
15,0.625,0.13,2.33,24.82,3.22,4077.63,-3.6,-0.1,,,,,,,,,,,,,,,,,,,,,,,
15,0.625,0.13,2.33,24.46,3.1,4041.89,-3.7,-0.1,,,,,,,,,,,,,,,,,,,,,,,
15,0.625,0.13,2.32,24.1,3.13,4039.39,-3.7,0,,,,,,,,,,,,,,,,,,,,,,,
15,0.625,0.13,2.31,23.77,2.94,3991.88,-3.7,-0.1,,,,,,,,,,,,,,,,,,,,,,,
15,0.625,0.13,2.3,23.45,2.83,4012.91,-3.7,-0.1,,,,,,,,,,,,,,,,,,,,,,,
15,0.625,0.13,2.28,23.15,2.71,4012.45,-3.7,-0.2,,,,,,,,,,,,,,,,,,,,,,,
15,0.625,0.13,2.27,22.85,2.58,3954.07,-3.7,-0.2,,,,,,,,,,,,,,,,,,,,,,,
15,0.625,0.13,2.26,22.57,2.44,3899.98,-3.8,-0.2,,,,,,,,,,,,,,,,,,,,,,,
15,0.625,0.13,2.24,22.3,2.33,3929.75,-3.8,-0.2,,,,,,,,,,,,,,,,,,,,,,,
15,0.625,0.13,2.23,22.05,2.23,3870.79,-3.8,-0.2,,,,,,,,,,,,,,,,,,,,,,,
15,0.625,0.13,2.21,21.81,2.16,3843.78,-3.8,-0.1,,,,,,,,,,,,,,,,,,,,,,,
15,0.625,0.13,2.19,21.6,2.09,3897.68,-3.7,-0.1,,,,,,,,,,,,,,,,,,,,,,,
15,0.625,0.13,2.17,21.4,2,3941.45,-3.8,-0.1,,,,,,,,,,,,,,,,,,,,,,,
15,0.625,0.13,2.15,21.21,1.94,3923.44,-3.8,-0.1,,,,,,,,,,,,,,,,,,,,,,,
15,0.625,0.13,2.13,21.02,1.84,3877.39,-3.8,-0.1,,,,,,,,,,,,,,,,,,,,,,,
15,0.625,0.13,2.11,20.84,1.74,3863.37,-3.9,-0.2,,,,,,,,,,,,,,,,,,,,,,,
15,0.625,0.13,2.08,20.67,1.65,3823.71,-3.9,-0.2,,,,,,,,,,,,,,,,,,,,,,,
15,0.625,0.13,2.06,20.51,1.59,3798.18,-3.9,-0.1,,,,,,,,,,,,,,,,,,,,,,,
15,0.625,0.13,2.03,20.36,1.51,3794.57,-3.9,-0.2,,,,,,,,,,,,,,,,,,,,,,,
15,0.625,0.13,2,20.21,1.46,3747.71,-4,-0.1,,,,,,,,,,,,,,,,,,,,,,,
15,0.625,0.13,1.97,20.06,1.37,3717.25,-3.9,-0.2,,,,,,,,,,,,,,,,,,,,,,,
15,0.625,0.13,1.94,19.93,1.3,3715.73,-4,-0.1,,,,,,,,,,,,,,,,,,,,,,,
15,0.625,0.13,1.91,19.81,1.23,3759.42,-3.9,-0.1,,,,,,,,,,,,,,,,,,,,,,,
15,0.625,0.13,1.88,19.71,1.19,3792.17,-4,-0.1,,,,,,,,,,,,,,,,,,,,,,,
15,0.625,0.13,1.85,19.62,1.16,3792.78,-4,-0.1,,,,,,,,,,,,,,,,,,,,,,,
15,0.625,0.13,1.81,19.53,1.13,3795.83,-4,0,,,,,,,,,,,,,,,,,,,,,,,
15,0.625,0.13,1.78,19.44,1.09,3775.07,-4,0,,,,,,,,,,,,,,,,,,,,,,,
15,0.625,0.13,1.74,19.37,1.09,3760.93,-4.1,0,,,,,,,,,,,,,,,,,,,,,,,
15,0.625,0.13,1.7,19.29,1.07,3736.61,-4,0.1,,,,,,,,,,,,,,,,,,,,,,,
15,0.625,0.13,1.66,19.22,1.02,3714.14,-4.1,0,,,,,,,,,,,,,,,,,,,,,,,
15,0.625,0.13,1.62,19.14,0.95,3675.67,-4.1,-0.1,,,,,,,,,,,,,,,,,,,,,,,
15,0.625,0.13,1.58,19.07,0.88,3722.09,-4.1,-0.1,,,,,,,,,,,,,,,,,,,,,,,
15,0.625,0.13,1.53,19.02,0.82,3743.63,-4,0,,,,,,,,,,,,,,,,,,,,,,,
15,0.625,0.13,1.49,18.97,0.77,3726.94,-4.1,-0.1,,,,,,,,,,,,,,,,,,,,,,,
15,0.625,0.13,1.45,18.92,0.73,3734.79,-4.1,-0.1,,,,,,,,,,,,,,,,,,,,,,,
15,0.625,0.13,1.4,18.88,0.69,3710.69,-4.1,0,,,,,,,,,,,,,,,,,,,,,,,
15,0.625,0.13,1.35,18.84,0.68,3660.5,-4.1,0,,,,,,,,,,,,,,,,,,,,,,,
15,0.625,0.13,1.3,18.81,0.68,3657.9,-4.1,0.1,,,,,,,,,,,,,,,,,,,,,,,
15,0.625,0.13,1.26,18.78,0.65,3685.64,-4.1,0,,,,,,,,,,,,,,,,,,,,,,,
15,0.625,0.13,1.2,18.75,0.61,3743.92,-4.1,0,,,,,,,,,,,,,,,,,,,,,,,
15,0.625,0.13,1.15,18.74,0.58,3770.2,-4.2,0,,,,,,,,,,,,,,,,,,,,,,,
15,0.625,0.13,1.1,18.72,0.53,3781.85,-4.2,0,,,,,,,,,,,,,,,,,,,,,,,
15,0.625,0.13,1.05,18.7,0.49,3755.48,-4.2,-0.1,,,,,,,,,,,,,,,,,,,,,,,
15,0.625,0.13,0.99,18.69,0.46,3802.96,-4.2,0,,,,,,,,,,,,,,,,,,,,,,,
15,0.625,0.13,0.93,18.69,0.46,3804.2,-4.2,0,,,,,,,,,,,,,,,,,,,,,,,
15,0.625,0.13,0.88,18.7,0.46,3791.68,-4.1,0.1,,,,,,,,,,,,,,,,,,,,,,,
15,0.625,0.13,0.82,18.71,0.43,3841.07,-4.1,0.1,,,,,,,,,,,,,,,,,,,,,,,
15,0.625,0.13,0.76,18.71,0.4,3782.18,-4.1,0,,,,,,,,,,,,,,,,,,,,,,,
15,0.625,0.13,0.7,18.71,0.36,3758.78,-4,0,,,,,,,,,,,,,,,,,,,,,,,
15,0.625,0.13,0.64,18.72,0.3,3770.42,-4,0,,,,,,,,,,,,,,,,,,,,,,,
15,0.625,0.13,0.58,18.73,0.24,3799.44,-4,-0.1,,,,,,,,,,,,,,,,,,,,,,,
15,0.625,0.13,0.51,18.74,0.18,3846.55,-4,-0.1,,,,,,,,,,,,,,,,,,,,,,,
15,0.625,0.13,0.45,18.77,0.14,3897.51,-4,-0.1,,,,,,,,,,,,,,,,,,,,,,,
15,0.625,0.13,0.39,18.79,0.09,3878.81,-4,-0.2,,,,,,,,,,,,,,,,,,,,,,,
15,0.625,0.13,0.33,18.82,0.04,3926.97,-4,-0.2,,,,,,,,,,,,,,,,,,,,,,,
15,0.625,0.13,0.26,18.86,0.02,3943.91,-4,-0.1,,,,,,,,,,,,,,,,,,,,,,,
15,0.625,0.13,0.2,18.9,0.02,3943.77,-4,-0.1,,,,,,,,,,,,,,,,,,,,,,,
15,0.625,0.13,0.13,18.95,0.04,3945.03,-4,-0.1,,,,,,,,,,,,,,,,,,,,,,,
15,0.625,0.13,0.06,18.99,0.04,3989.99,-4,-0.1,,,,,,,,,,,,,,,,,,,,,,,
15,0.625,0.13,0,19.03,0.04,3932.33,-4,-0.1,,,,,,,,,,,,,,,,,,,,,,,
15,0.625,0.13,-0.07,19.06,0.03,3881.14,-4,-0.1,,,,,,,,,,,,,,,,,,,,,,,
15,0.625,0.13,-0.14,19.09,0.03,3920.98,-4.1,-0.1,,,,,,,,,,,,,,,,,,,,,,,
15,0.625,0.13,-0.21,19.13,0.02,3953.33,-4,-0.1,,,,,,,,,,,,,,,,,,,,,,,
15,0.625,0.13,-0.28,19.17,0,3988.08,-4,-0.1,,,,,,,,,,,,,,,,,,,,,,,
15,0.625,0.13,-0.35,19.21,0.01,3967.85,-4,0,,,,,,,,,,,,,,,,,,,,,,,
15,0.625,0.13,-0.42,19.26,0.02,3963.83,-4,0,,,,,,,,,,,,,,,,,,,,,,,
15,0.625,0.13,-0.49,19.3,0.05,3946.27,-4.1,0,,,,,,,,,,,,,,,,,,,,,,,
15,0.625,0.13,-0.57,19.34,0.06,3953.81,-4,0,,,,,,,,,,,,,,,,,,,,,,,
15,0.625,0.13,-0.64,19.38,0.07,3993.7,-4,0.1,,,,,,,,,,,,,,,,,,,,,,,
15,0.625,0.13,-0.72,19.42,0.04,4021.01,-4,0,,,,,,,,,,,,,,,,,,,,,,,
15,0.625,0.13,-0.79,19.46,0.03,3976.48,-4,0,,,,,,,,,,,,,,,,,,,,,,,
15,0.625,0.13,-0.87,19.49,0,3967.24,-4,0,,,,,,,,,,,,,,,,,,,,,,,
15,0.625,0.13,-0.95,19.53,-0.02,3955.3,-4,0,,,,,,,,,,,,,,,,,,,,,,,
15,0.625,0.13,-1.02,19.56,-0.03,3902.73,-4,0,,,,,,,,,,,,,,,,,,,,,,,
15,0.625,0.13,-1.1,19.58,-0.07,3876.17,-4,0,,,,,,,,,,,,,,,,,,,,,,,
15,0.625,0.13,-1.18,19.61,-0.09,3840.32,-4,0,,,,,,,,,,,,,,,,,,,,,,,
15,0.625,0.13,-1.26,19.64,-0.13,3863,-3.9,0,,,,,,,,,,,,,,,,,,,,,,,
15,0.625,0.13,-1.35,19.67,-0.16,3921.7,-3.9,0,,,,,,,,,,,,,,,,,,,,,,,
15,0.625,0.13,-1.43,19.71,-0.19,3897.61,-3.9,0,,,,,,,,,,,,,,,,,,,,,,,
15,0.625,0.13,-1.51,19.74,-0.23,3854,-3.9,-0.1,,,,,,,,,,,,,,,,,,,,,,,
15,0.625,0.13,-1.6,19.77,-0.28,3902.88,-3.9,-0.1,,,,,,,,,,,,,,,,,,,,,,,
15,0.625,0.13,-1.69,19.81,-0.32,3898.57,-3.8,-0.1,,,,,,,,,,,,,,,,,,,,,,,
15,0.625,0.13,-1.77,19.85,-0.34,3848.03,-3.8,0,,,,,,,,,,,,,,,,,,,,,,,
15,0.625,0.13,-1.86,19.9,-0.37,3874.66,-3.8,0,,,,,,,,,,,,,,,,,,,,,,,
15,0.625,0.13,-1.95,19.94,-0.39,3826.79,-3.7,0,,,,,,,,,,,,,,,,,,,,,,,
15,0.625,0.13,-2.05,19.99,-0.44,3821.88,-3.7,-0.1,,,,,,,,,,,,,,,,,,,,,,,
15,0.625,0.13,-2.14,20.03,-0.48,3854.09,-3.6,-0.1,,,,,,,,,,,,,,,,,,,,,,,
15,0.625,0.13,-2.23,20.09,-0.53,3900.44,-3.6,-0.1,,,,,,,,,,,,,,,,,,,,,,,
15,0.625,0.13,-2.33,20.14,-0.55,3890.73,-3.6,0,,,,,,,,,,,,,,,,,,,,,,,
15,0.625,0.13,-2.43,20.19,-0.59,3882.9,-3.7,-0.1,,,,,,,,,,,,,,,,,,,,,,,
15,0.625,0.13,-2.52,20.24,-0.61,3856.27,-3.7,-0.1,,,,,,,,,,,,,,,,,,,,,,,
15,0.625,0.13,-2.62,20.28,-0.64,3857.91,-3.8,-0.1,,,,,,,,,,,,,,,,,,,,,,,
15,0.625,0.13,-2.72,20.33,-0.69,3914.28,-3.8,-0.2,,,,,,,,,,,,,,,,,,,,,,,
15,0.625,0.13,-2.83,20.38,-0.7,3903.61,-3.8,-0.2,,,,,,,,,,,,,,,,,,,,,,,
15,0.625,0.13,-2.93,20.43,-0.72,3913.91,-3.8,-0.1,,,,,,,,,,,,,,,,,,,,,,,
15,0.625,0.13,-3.03,20.47,-0.75,3905.18,-3.8,-0.2,,,,,,,,,,,,,,,,,,,,,,,
15,0.625,0.13,-3.13,20.52,-0.79,3895.63,-3.8,-0.2,,,,,,,,,,,,,,,,,,,,,,,
15,0.625,0.13,-3.24,20.57,-0.81,3885.23,-3.8,-0.1,,,,,,,,,,,,,,,,,,,,,,,
15,0.625,0.13,-3.34,20.63,-0.82,3939.78,-3.8,-0.1,,,,,,,,,,,,,,,,,,,,,,,
15,0.625,0.13,-3.45,20.68,-0.86,3932.79,-3.7,-0.2,,,,,,,,,,,,,,,,,,,,,,,
Snippet 5,,,,,,,,,,,,,,,,,,,,,,,,,,,,,,,
mass[kg], area[m^2], cd[-], pitch_angle[deg], vel_x[m/s] , vel_y[m/s], prop_speed[rpm], est_wind_x[m/s], est_wind_y[m/s],,,,,,,,,,,,,,,,,,,,,,,
15,0.625,0.13,-5.69,27.31,-0.89,4343.32,0,0.1,,,,,,,,,,,,,,,,,,,,,,,
15,0.625,0.13,-5.68,27.33,-0.86,4383.87,0,0.1,,,,,,,,,,,,,,,,,,,,,,,
15,0.625,0.13,-5.68,27.34,-0.79,4387.23,0,0.2,,,,,,,,,,,,,,,,,,,,,,,
15,0.625,0.13,-5.68,27.36,-0.74,4391.56,0.1,0.2,,,,,,,,,,,,,,,,,,,,,,,
15,0.625,0.13,-5.67,27.38,-0.68,4398.97,0.1,0.3,,,,,,,,,,,,,,,,,,,,,,,
15,0.625,0.13,-5.67,27.38,-0.76,4339.23,0.1,0.2,,,,,,,,,,,,,,,,,,,,,,,
15,0.625,0.13,-5.67,27.39,-0.71,4355.08,0,0.2,,,,,,,,,,,,,,,,,,,,,,,
15,0.625,0.13,-5.66,27.38,-0.78,4335.45,0,0.2,,,,,,,,,,,,,,,,,,,,,,,
15,0.625,0.13,-5.66,27.39,-0.78,4369.76,0,0.2,,,,,,,,,,,,,,,,,,,,,,,
15,0.625,0.13,-5.66,27.4,-0.73,4378.99,0,0.2,,,,,,,,,,,,,,,,,,,,,,,
15,0.625,0.13,-5.65,27.4,-0.81,4403.82,0,0.2,,,,,,,,,,,,,,,,,,,,,,,
15,0.625,0.13,-5.65,27.41,-0.73,4420.56,-0.1,0.2,,,,,,,,,,,,,,,,,,,,,,,
15,0.625,0.13,-5.64,27.42,-0.78,4477.54,-0.1,0.2,,,,,,,,,,,,,,,,,,,,,,,
15,0.625,0.13,-5.64,27.42,-0.84,4452.24,-0.1,0.1,,,,,,,,,,,,,,,,,,,,,,,
15,0.625,0.13,-5.64,27.43,-0.79,4465.32,-0.2,0.1,,,,,,,,,,,,,,,,,,,,,,,
15,0.625,0.13,-5.63,27.43,-0.87,4516.23,-0.2,0.1,,,,,,,,,,,,,,,,,,,,,,,
15,0.625,0.13,-5.62,27.44,-0.79,4490.76,-0.2,0.1,,,,,,,,,,,,,,,,,,,,,,,
15,0.625,0.13,-5.62,27.44,-0.83,4546.12,-0.3,0.1,,,,,,,,,,,,,,,,,,,,,,,
15,0.625,0.13,-5.61,27.45,-0.89,4578.22,-0.3,0,,,,,,,,,,,,,,,,,,,,,,,
15,0.625,0.13,-5.6,27.46,-0.88,4598.04,-0.3,0,,,,,,,,,,,,,,,,,,,,,,,
15,0.625,0.13,-5.59,27.47,-0.86,4565.23,-0.2,0,,,,,,,,,,,,,,,,,,,,,,,
15,0.625,0.13,-5.58,27.48,-0.83,4555.96,-0.3,0.1,,,,,,,,,,,,,,,,,,,,,,,
15,0.625,0.13,-5.57,27.47,-0.87,4500.24,-0.3,0,,,,,,,,,,,,,,,,,,,,,,,
15,0.625,0.13,-5.56,27.48,-0.79,4525.45,-0.3,0.1,,,,,,,,,,,,,,,,,,,,,,,
15,0.625,0.13,-5.55,27.49,-0.75,4568.22,-0.3,0.1,,,,,,,,,,,,,,,,,,,,,,,
15,0.625,0.13,-5.54,27.5,-0.72,4581.02,-0.3,0.1,,,,,,,,,,,,,,,,,,,,,,,
15,0.625,0.13,-5.52,27.5,-0.7,4521.53,-0.2,0.2,,,,,,,,,,,,,,,,,,,,,,,
15,0.625,0.13,-5.51,27.51,-0.74,4563.03,-0.2,0.1,,,,,,,,,,,,,,,,,,,,,,,
15,0.625,0.13,-5.49,27.51,-0.76,4518.75,-0.2,0.1,,,,,,,,,,,,,,,,,,,,,,,
15,0.625,0.13,-5.47,27.51,-0.79,4550.57,-0.1,0.1,,,,,,,,,,,,,,,,,,,,,,,
15,0.625,0.13,-5.45,27.52,-0.79,4601.78,-0.2,0.1,,,,,,,,,,,,,,,,,,,,,,,
15,0.625,0.13,-5.43,27.53,-0.77,4569.11,-0.2,0.1,,,,,,,,,,,,,,,,,,,,,,,
15,0.625,0.13,-5.41,27.54,-0.69,4622.34,-0.2,0.1,,,,,,,,,,,,,,,,,,,,,,,
15,0.625,0.13,-5.39,27.55,-0.74,4615.12,-0.2,0.1,,,,,,,,,,,,,,,,,,,,,,,
15,0.625,0.13,-5.37,27.56,-0.68,4624.51,-0.2,0.1,,,,,,,,,,,,,,,,,,,,,,,
15,0.625,0.13,-5.35,27.55,-0.74,4581.53,-0.2,0.1,,,,,,,,,,,,,,,,,,,,,,,
15,0.625,0.13,-5.32,27.56,-0.66,4571.25,-0.2,0.1,,,,,,,,,,,,,,,,,,,,,,,
15,0.625,0.13,-5.3,27.55,-0.72,4579.52,-0.3,0.1,,,,,,,,,,,,,,,,,,,,,,,
15,0.625,0.13,-5.27,27.54,-0.69,4519.97,-0.3,0.1,,,,,,,,,,,,,,,,,,,,,,,
15,0.625,0.13,-5.24,27.53,-0.62,4501.52,-0.2,0.1,,,,,,,,,,,,,,,,,,,,,,,
15,0.625,0.13,-5.22,27.52,-0.55,4445.8,-0.2,0.2,,,,,,,,,,,,,,,,,,,,,,,
15,0.625,0.13,-5.19,27.5,-0.61,4397.75,-0.1,0.1,,,,,,,,,,,,,,,,,,,,,,,
15,0.625,0.13,-5.16,27.48,-0.52,4385.79,-0.2,0.2,,,,,,,,,,,,,,,,,,,,,,,
15,0.625,0.13,-5.13,27.46,-0.58,4385.26,-0.1,0.1,,,,,,,,,,,,,,,,,,,,,,,
15,0.625,0.13,-5.1,27.44,-0.54,4357.15,-0.1,0.1,,,,,,,,,,,,,,,,,,,,,,,
15,0.625,0.13,-5.07,27.41,-0.51,4314.98,-0.1,0.2,,,,,,,,,,,,,,,,,,,,,,,
15,0.625,0.13,-5.04,27.39,-0.51,4372.78,-0.1,0.2,,,,,,,,,,,,,,,,,,,,,,,
15,0.625,0.13,-5.01,27.37,-0.44,4325.31,-0.1,0.2,,,,,,,,,,,,,,,,,,,,,,,
15,0.625,0.13,-4.98,27.35,-0.49,4335.24,-0.1,0.2,,,,,,,,,,,,,,,,,,,,,,,
15,0.625,0.13,-4.95,27.32,-0.41,4276.56,-0.1,0.2,,,,,,,,,,,,,,,,,,,,,,,
15,0.625,0.13,-4.92,27.29,-0.37,4296.61,-0.2,0.2,,,,,,,,,,,,,,,,,,,,,,,
15,0.625,0.13,-4.88,27.27,-0.32,4329.86,-0.2,0.3,,,,,,,,,,,,,,,,,,,,,,,
15,0.625,0.13,-4.85,27.23,-0.4,4273.88,-0.1,0.2,,,,,,,,,,,,,,,,,,,,,,,
15,0.625,0.13,-4.82,27.21,-0.31,4264.21,-0.1,0.3,,,,,,,,,,,,,,,,,,,,,,,
15,0.625,0.13,-4.78,27.18,-0.35,4323.93,0,0.2,,,,,,,,,,,,,,,,,,,,,,,
15,0.625,0.13,-4.74,27.16,-0.36,4310.79,0,0.2,,,,,,,,,,,,,,,,,,,,,,,
15,0.625,0.13,-4.71,27.15,-0.31,4331.78,0.1,0.2,,,,,,,,,,,,,,,,,,,,,,,
15,0.625,0.13,-4.67,27.13,-0.31,4313.01,0.1,0.2,,,,,,,,,,,,,,,,,,,,,,,
15,0.625,0.13,-4.63,27.13,-0.28,4372.28,0.1,0.2,,,,,,,,,,,,,,,,,,,,,,,
15,0.625,0.13,-4.59,27.12,-0.21,4405.56,0.2,0.3,,,,,,,,,,,,,,,,,,,,,,,
15,0.625,0.13,-4.55,27.12,-0.21,4437.21,0.1,0.3,,,,,,,,,,,,,,,,,,,,,,,
15,0.625,0.13,-4.51,27.1,-0.23,4390.38,0.1,0.2,,,,,,,,,,,,,,,,,,,,,,,
15,0.625,0.13,-4.48,27.09,-0.15,4386.1,0,0.3,,,,,,,,,,,,,,,,,,,,,,,
15,0.625,0.13,-4.44,27.07,-0.2,4423.7,0,0.2,,,,,,,,,,,,,,,,,,,,,,,
15,0.625,0.13,-4.4,27.06,-0.09,4396.49,0,0.3,,,,,,,,,,,,,,,,,,,,,,,
15,0.625,0.13,-4.36,27.03,-0.14,4356.38,0,0.3,,,,,,,,,,,,,,,,,,,,,,,
15,0.625,0.13,-4.32,27,-0.11,4314.08,0,0.3,,,,,,,,,,,,,,,,,,,,,,,
15,0.625,0.13,-4.27,26.97,-0.02,4258.95,0,0.3,,,,,,,,,,,,,,,,,,,,,,,
15,0.625,0.13,-4.23,26.94,-0.02,4314.38,0,0.3,,,,,,,,,,,,,,,,,,,,,,,
15,0.625,0.13,-4.19,26.91,0.01,4301.29,0,0.3,,,,,,,,,,,,,,,,,,,,,,,
15,0.625,0.13,-4.15,26.89,0.04,4356.81,-0.1,0.3,,,,,,,,,,,,,,,,,,,,,,,
15,0.625,0.13,-4.1,26.87,0.09,4372.51,-0.1,0.4,,,,,,,,,,,,,,,,,,,,,,,
15,0.625,0.13,-4.06,26.84,0.09,4367.93,-0.1,0.4,,,,,,,,,,,,,,,,,,,,,,,
15,0.625,0.13,-4.01,26.82,0.06,4411.77,0,0.3,,,,,,,,,,,,,,,,,,,,,,,
15,0.625,0.13,-3.97,26.79,0.1,4379.27,0,0.3,,,,,,,,,,,,,,,,,,,,,,,
15,0.625,0.13,-3.92,26.77,0.14,4340.47,0,0.3,,,,,,,,,,,,,,,,,,,,,,,
15,0.625,0.13,-3.87,26.73,0.17,4305.01,-0.1,0.3,,,,,,,,,,,,,,,,,,,,,,,
15,0.625,0.13,-3.82,26.69,0.17,4307.22,-0.1,0.3,,,,,,,,,,,,,,,,,,,,,,,
15,0.625,0.13,-3.77,26.65,0.18,4276.79,-0.2,0.3,,,,,,,,,,,,,,,,,,,,,,,
15,0.625,0.13,-3.72,26.61,0.27,4225.11,-0.2,0.4,,,,,,,,,,,,,,,,,,,,,,,
15,0.625,0.13,-3.67,26.55,0.2,4220.48,-0.3,0.3,,,,,,,,,,,,,,,,,,,,,,,
15,0.625,0.13,-3.62,26.5,0.17,4239.37,-0.2,0.3,,,,,,,,,,,,,,,,,,,,,,,
15,0.625,0.13,-3.57,26.47,0.27,4294.46,-0.2,0.3,,,,,,,,,,,,,,,,,,,,,,,
15,0.625,0.13,-3.51,26.42,0.26,4244.09,-0.2,0.3,,,,,,,,,,,,,,,,,,,,,,,
15,0.625,0.13,-3.46,26.37,0.24,4281.13,-0.2,0.3,,,,,,,,,,,,,,,,,,,,,,,
15,0.625,0.13,-3.41,26.33,0.22,4288.5,-0.3,0.2,,,,,,,,,,,,,,,,,,,,,,,
15,0.625,0.13,-3.35,26.29,0.19,4347.81,-0.3,0.2,,,,,,,,,,,,,,,,,,,,,,,
15,0.625,0.13,-3.3,26.25,0.25,4329.76,-0.3,0.2,,,,,,,,,,,,,,,,,,,,,,,
15,0.625,0.13,-3.24,26.22,0.26,4376.1,-0.3,0.2,,,,,,,,,,,,,,,,,,,,,,,
15,0.625,0.13,-3.19,26.17,0.3,4320.92,-0.3,0.2,,,,,,,,,,,,,,,,,,,,,,,
15,0.625,0.13,-3.13,26.13,0.32,4328.52,-0.4,0.2,,,,,,,,,,,,,,,,,,,,,,,
15,0.625,0.13,-3.07,26.09,0.32,4344.82,-0.4,0.2,,,,,,,,,,,,,,,,,,,,,,,
15,0.625,0.13,-3.01,26.05,0.37,4359.47,-0.4,0.2,,,,,,,,,,,,,,,,,,,,,,,
15,0.625,0.13,-2.95,26.01,0.43,4308.22,-0.4,0.2,,,,,,,,,,,,,,,,,,,,,,,
15,0.625,0.13,-2.88,25.96,0.49,4267.83,-0.3,0.3,,,,,,,,,,,,,,,,,,,,,,,
15,0.625,0.13,-2.82,25.92,0.56,4261.18,-0.3,0.3,,,,,,,,,,,,,,,,,,,,,,,
15,0.625,0.13,-2.76,25.86,0.56,4205.88,-0.3,0.3,,,,,,,,,,,,,,,,,,,,,,,
15,0.625,0.13,-2.69,25.81,0.56,4176.18,-0.3,0.3,,,,,,,,,,,,,,,,,,,,,,,
15,0.625,0.13,-2.63,25.75,0.51,4223.75,-0.2,0.2,,,,,,,,,,,,,,,,,,,,,,,
15,0.625,0.13,-2.56,25.71,0.55,4246.76,-0.3,0.2,,,,,,,,,,,,,,,,,,,,,,,
15,0.625,0.13,-2.49,25.65,0.57,4195.78,-0.3,0.2,,,,,,,,,,,,,,,,,,,,,,,
Snippet 6,,,,,,,,,,,,,,,,,,,,,,,,,,,,,,,
mass[kg], area[m^2], cd[-], pitch_angle[deg], vel_x[m/s] , vel_y[m/s], prop_speed[rpm], est_wind_x[m/s], est_wind_y[m/s],,,,,,,,,,,,,,,,,,,,,,,
15,0.625,0.13,-0.29,23.68,1.07,5337.34,-2.1,0,,,,,,,,,,,,,,,,,,,,,,,
15,0.625,0.13,-0.3,23.69,1.04,5384.33,-2.2,0,,,,,,,,,,,,,,,,,,,,,,,
15,0.625,0.13,-0.3,23.71,1.04,5370.6,-2.2,-0.1,,,,,,,,,,,,,,,,,,,,,,,
15,0.625,0.13,-0.31,23.73,1.09,5395.22,-2.2,0,,,,,,,,,,,,,,,,,,,,,,,
15,0.625,0.13,-0.31,23.74,1.09,5355.26,-2.2,0,,,,,,,,,,,,,,,,,,,,,,,
15,0.625,0.13,-0.32,23.74,1.02,5302.71,-2.2,-0.1,,,,,,,,,,,,,,,,,,,,,,,
15,0.625,0.13,-0.33,23.75,0.99,5279.76,-2.2,-0.1,,,,,,,,,,,,,,,,,,,,,,,
15,0.625,0.13,-0.34,23.75,1.01,5296.8,-2.3,-0.1,,,,,,,,,,,,,,,,,,,,,,,
15,0.625,0.13,-0.35,23.75,0.98,5301.99,-2.3,-0.1,,,,,,,,,,,,,,,,,,,,,,,
15,0.625,0.13,-0.36,23.76,1.02,5343.01,-2.3,-0.1,,,,,,,,,,,,,,,,,,,,,,,
15,0.625,0.13,-0.38,23.77,1.09,5388.52,-2.4,0,,,,,,,,,,,,,,,,,,,,,,,
15,0.625,0.13,-0.39,23.78,1.1,5362.86,-2.4,0,,,,,,,,,,,,,,,,,,,,,,,
15,0.625,0.13,-0.41,23.79,1.06,5416.51,-2.3,0,,,,,,,,,,,,,,,,,,,,,,,
15,0.625,0.13,-0.42,23.8,1.05,5388.78,-2.3,0,,,,,,,,,,,,,,,,,,,,,,,
15,0.625,0.13,-0.44,23.82,1.07,5434.87,-2.4,0,,,,,,,,,,,,,,,,,,,,,,,
15,0.625,0.13,-0.46,23.83,1.03,5462.71,-2.4,-0.1,,,,,,,,,,,,,,,,,,,,,,,
15,0.625,0.13,-0.47,23.85,1.02,5520.05,-2.5,-0.1,,,,,,,,,,,,,,,,,,,,,,,
15,0.625,0.13,-0.49,23.88,1.04,5563,-2.4,0,,,,,,,,,,,,,,,,,,,,,,,
15,0.625,0.13,-0.51,23.91,1.03,5598.64,-2.4,0,,,,,,,,,,,,,,,,,,,,,,,
15,0.625,0.13,-0.53,23.93,1.06,5589.98,-2.4,0,,,,,,,,,,,,,,,,,,,,,,,
15,0.625,0.13,-0.55,23.96,1.08,5567.09,-2.4,0,,,,,,,,,,,,,,,,,,,,,,,
15,0.625,0.13,-0.57,23.98,1.13,5607.98,-2.5,0,,,,,,,,,,,,,,,,,,,,,,,
15,0.625,0.13,-0.6,24.02,1.17,5642.73,-2.4,0.1,,,,,,,,,,,,,,,,,,,,,,,
15,0.625,0.13,-0.62,24.04,1.11,5653.8,-2.5,0.1,,,,,,,,,,,,,,,,,,,,,,,
15,0.625,0.13,-0.65,24.07,1.05,5648.97,-2.5,0,,,,,,,,,,,,,,,,,,,,,,,
15,0.625,0.13,-0.67,24.1,1.03,5673.11,-2.5,0,,,,,,,,,,,,,,,,,,,,,,,
15,0.625,0.13,-0.7,24.14,1.1,5729.35,-2.4,0.1,,,,,,,,,,,,,,,,,,,,,,,
15,0.625,0.13,-0.72,24.18,0.99,5745.16,-2.4,0,,,,,,,,,,,,,,,,,,,,,,,
15,0.625,0.13,-0.75,24.22,1.09,5771.75,-2.4,0.1,,,,,,,,,,,,,,,,,,,,,,,
15,0.625,0.13,-0.78,24.26,1.01,5777.74,-2.4,0,,,,,,,,,,,,,,,,,,,,,,,
15,0.625,0.13,-0.81,24.31,0.96,5832.8,-2.4,0,,,,,,,,,,,,,,,,,,,,,,,
15,0.625,0.13,-0.84,24.36,0.95,5858.84,-2.4,0,,,,,,,,,,,,,,,,,,,,,,,
15,0.625,0.13,-0.87,24.41,0.95,5862.58,-2.3,0,,,,,,,,,,,,,,,,,,,,,,,
15,0.625,0.13,-0.91,24.46,0.9,5910.01,-2.3,0,,,,,,,,,,,,,,,,,,,,,,,
15,0.625,0.13,-0.94,24.52,0.91,5888.19,-2.3,0,,,,,,,,,,,,,,,,,,,,,,,
15,0.625,0.13,-0.97,24.57,0.97,5895.7,-2.3,0,,,,,,,,,,,,,,,,,,,,,,,
15,0.625,0.13,-1.01,24.62,0.99,5901.03,-2.3,0,,,,,,,,,,,,,,,,,,,,,,,
15,0.625,0.13,-1.04,24.67,0.96,5872.34,-2.3,0,,,,,,,,,,,,,,,,,,,,,,,
15,0.625,0.13,-1.08,24.71,0.87,5847.56,-2.3,0,,,,,,,,,,,,,,,,,,,,,,,
15,0.625,0.13,-1.12,24.75,0.89,5825.43,-2.3,0,,,,,,,,,,,,,,,,,,,,,,,
15,0.625,0.13,-1.16,24.79,0.87,5848.1,-2.3,0,,,,,,,,,,,,,,,,,,,,,,,
15,0.625,0.13,-1.2,24.83,0.83,5788.89,-2.3,0,,,,,,,,,,,,,,,,,,,,,,,
15,0.625,0.13,-1.24,24.86,0.9,5808.4,-2.4,0,,,,,,,,,,,,,,,,,,,,,,,
15,0.625,0.13,-1.27,24.9,0.83,5796.55,-2.3,0,,,,,,,,,,,,,,,,,,,,,,,
15,0.625,0.13,-1.32,24.93,0.8,5813.14,-2.3,0,,,,,,,,,,,,,,,,,,,,,,,
15,0.625,0.13,-1.36,24.97,0.71,5826.12,-2.3,-0.1,,,,,,,,,,,,,,,,,,,,,,,
15,0.625,0.13,-1.4,25.01,0.69,5871.47,-2.4,-0.1,,,,,,,,,,,,,,,,,,,,,,,
15,0.625,0.13,-1.44,25.04,0.62,5875.17,-2.4,-0.2,,,,,,,,,,,,,,,,,,,,,,,
15,0.625,0.13,-1.49,25.08,0.64,5855.38,-2.3,-0.1,,,,,,,,,,,,,,,,,,,,,,,
15,0.625,0.13,-1.53,25.12,0.63,5821.73,-2.4,-0.1,,,,,,,,,,,,,,,,,,,,,,,
15,0.625,0.13,-1.58,25.16,0.63,5872.8,-2.3,-0.1,,,,,,,,,,,,,,,,,,,,,,,
15,0.625,0.13,-1.62,25.21,0.57,5930.83,-2.3,-0.1,,,,,,,,,,,,,,,,,,,,,,,
15,0.625,0.13,-1.67,25.25,0.55,5926.89,-2.3,-0.2,,,,,,,,,,,,,,,,,,,,,,,
15,0.625,0.13,-1.72,25.29,0.48,5879.04,-2.3,-0.2,,,,,,,,,,,,,,,,,,,,,,,
15,0.625,0.13,-1.77,25.34,0.51,5898.98,-2.3,-0.2,,,,,,,,,,,,,,,,,,,,,,,
15,0.625,0.13,-1.82,25.38,0.53,5948.25,-2.4,-0.1,,,,,,,,,,,,,,,,,,,,,,,
15,0.625,0.13,-1.87,25.43,0.56,5902.2,-2.3,-0.1,,,,,,,,,,,,,,,,,,,,,,,
15,0.625,0.13,-1.92,25.47,0.48,5951.06,-2.4,-0.1,,,,,,,,,,,,,,,,,,,,,,,
15,0.625,0.13,-1.97,25.52,0.52,5965.9,-2.3,-0.1,,,,,,,,,,,,,,,,,,,,,,,
15,0.625,0.13,-2.03,25.56,0.56,5920.81,-2.4,0,,,,,,,,,,,,,,,,,,,,,,,
15,0.625,0.13,-2.08,25.6,0.51,5944.24,-2.3,0,,,,,,,,,,,,,,,,,,,,,,,
15,0.625,0.13,-2.13,25.65,0.45,5932.11,-2.3,-0.1,,,,,,,,,,,,,,,,,,,,,,,
15,0.625,0.13,-2.18,25.69,0.41,5907.21,-2.2,-0.1,,,,,,,,,,,,,,,,,,,,,,,
15,0.625,0.13,-2.24,25.74,0.44,5952.49,-2.3,-0.1,,,,,,,,,,,,,,,,,,,,,,,
15,0.625,0.13,-2.29,25.78,0.38,5910.7,-2.2,-0.1,,,,,,,,,,,,,,,,,,,,,,,
15,0.625,0.13,-2.35,25.83,0.32,5944.33,-2.3,-0.1,,,,,,,,,,,,,,,,,,,,,,,
15,0.625,0.13,-2.4,25.87,0.25,5994.51,-2.3,-0.2,,,,,,,,,,,,,,,,,,,,,,,
15,0.625,0.13,-2.46,25.92,0.21,5981.8,-2.3,-0.2,,,,,,,,,,,,,,,,,,,,,,,
15,0.625,0.13,-2.52,25.97,0.24,5942.26,-2.3,-0.2,,,,,,,,,,,,,,,,,,,,,,,
15,0.625,0.13,-2.57,26.02,0.27,5978.9,-2.3,-0.1,,,,,,,,,,,,,,,,,,,,,,,
15,0.625,0.13,-2.63,26.06,0.22,5920.07,-2.3,-0.1,,,,,,,,,,,,,,,,,,,,,,,
15,0.625,0.13,-2.69,26.09,0.24,5874.02,-2.4,-0.1,,,,,,,,,,,,,,,,,,,,,,,
15,0.625,0.13,-2.75,26.13,0.17,5887.63,-2.4,-0.1,,,,,,,,,,,,,,,,,,,,,,,
15,0.625,0.13,-2.81,26.16,0.13,5887.18,-2.4,-0.1,,,,,,,,,,,,,,,,,,,,,,,
15,0.625,0.13,-2.87,26.19,0.17,5850.07,-2.4,-0.1,,,,,,,,,,,,,,,,,,,,,,,
15,0.625,0.13,-2.93,26.22,0.07,5865.4,-2.4,-0.1,,,,,,,,,,,,,,,,,,,,,,,
15,0.625,0.13,-2.99,26.26,0,5923.26,-2.3,-0.2,,,,,,,,,,,,,,,,,,,,,,,
15,0.625,0.13,-3.06,26.3,-0.03,5941.2,-2.4,-0.2,,,,,,,,,,,,,,,,,,,,,,,
15,0.625,0.13,-3.12,26.35,-0.14,5962.46,-2.3,-0.2,,,,,,,,,,,,,,,,,,,,,,,
15,0.625,0.13,-3.18,26.41,-0.11,6015.83,-2.3,-0.2,,,,,,,,,,,,,,,,,,,,,,,
15,0.625,0.13,-3.25,26.46,-0.21,6032.97,-2.2,-0.3,,,,,,,,,,,,,,,,,,,,,,,
15,0.625,0.13,-3.31,26.52,-0.21,6056.59,-2.3,-0.3,,,,,,,,,,,,,,,,,,,,,,,
15,0.625,0.13,-3.38,26.58,-0.27,6048.15,-2.2,-0.3,,,,,,,,,,,,,,,,,,,,,,,
15,0.625,0.13,-3.45,26.64,-0.33,6067.56,-2.2,-0.3,,,,,,,,,,,,,,,,,,,,,,,
15,0.625,0.13,-3.52,26.7,-0.34,6084.47,-2.2,-0.3,,,,,,,,,,,,,,,,,,,,,,,
15,0.625,0.13,-3.59,26.77,-0.37,6110.79,-2.2,-0.3,,,,,,,,,,,,,,,,,,,,,,,
15,0.625,0.13,-3.67,26.83,-0.43,6100.22,-2.3,-0.3,,,,,,,,,,,,,,,,,,,,,,,
15,0.625,0.13,-3.74,26.88,-0.52,6060.14,-2.2,-0.4,,,,,,,,,,,,,,,,,,,,,,,
15,0.625,0.13,-3.82,26.94,-0.59,6064.8,-2.2,-0.4,,,,,,,,,,,,,,,,,,,,,,,
15,0.625,0.13,-3.89,26.99,-0.68,6007.31,-2.2,-0.5,,,,,,,,,,,,,,,,,,,,,,,
15,0.625,0.13,-3.97,27.04,-0.67,6009.27,-2.2,-0.4,,,,,,,,,,,,,,,,,,,,,,,
15,0.625,0.13,-4.05,27.09,-0.79,6026.55,-2.2,-0.5,,,,,,,,,,,,,,,,,,,,,,,
15,0.625,0.13,-4.13,27.15,-0.72,5999.42,-2.2,-0.4,,,,,,,,,,,,,,,,,,,,,,,
15,0.625,0.13,-4.2,27.2,-0.8,5958.37,-2.2,-0.4,,,,,,,,,,,,,,,,,,,,,,,
15,0.625,0.13,-4.28,27.25,-0.75,5943.25,-2.2,-0.4,,,,,,,,,,,,,,,,,,,,,,,
15,0.625,0.13,-4.36,27.29,-0.79,5885.53,-2.2,-0.4,,,,,,,,,,,,,,,,,,,,,,,
15,0.625,0.13,-4.45,27.34,-0.78,5886.61,-2.2,-0.3,,,,,,,,,,,,,,,,,,,,,,,
15,0.625,0.13,-4.53,27.37,-0.88,5876.17,-2.2,-0.4,,,,,,,,,,,,,,,,,,,,,,,
15,0.625,0.13,-4.61,27.42,-0.83,5845.55,-2.1,-0.3,,,,,,,,,,,,,,,,,,,,,,,
15,0.625,0.13,-4.7,27.47,-0.95,5903.24,-2.1,-0.3,,,,,,,,,,,,,,,,,,,,,,,
15,0.625,0.13,-4.78,27.52,-1.02,5945.13,-2.1,-0.4,,,,,,,,,,,,,,,,,,,,,,,
Snippet 7,,,,,,,,,,,,,,,,,,,,,,,,,,,,,,,
mass[kg], area[m^2], cd[-], pitch_angle[deg], vel_x[m/s] , vel_y[m/s], prop_speed[rpm], est_wind_x[m/s], est_wind_y[m/s],,,,,,,,,,,,,,,,,,,,,,,
15,0.625,0.13,5.24,22.32,3.4,5261.88,-2.7,-0.1,,,,,,,,,,,,,,,,,,,,,,,
15,0.625,0.13,5.24,22.16,3.33,5249.12,-2.7,-0.1,,,,,,,,,,,,,,,,,,,,,,,
15,0.625,0.13,5.24,22.01,3.38,5240.51,-2.7,-0.1,,,,,,,,,,,,,,,,,,,,,,,
15,0.625,0.13,5.24,21.86,3.37,5296.87,-2.8,0,,,,,,,,,,,,,,,,,,,,,,,
15,0.625,0.13,5.23,21.74,3.24,5308.23,-2.7,-0.1,,,,,,,,,,,,,,,,,,,,,,,
15,0.625,0.13,5.23,21.62,3.17,5330.42,-2.7,-0.1,,,,,,,,,,,,,,,,,,,,,,,
15,0.625,0.13,5.23,21.5,3.15,5323.68,-2.7,-0.1,,,,,,,,,,,,,,,,,,,,,,,
15,0.625,0.13,5.23,21.38,3.22,5331.36,-2.8,-0.1,,,,,,,,,,,,,,,,,,,,,,,
15,0.625,0.13,5.22,21.27,3.18,5364.77,-2.8,-0.1,,,,,,,,,,,,,,,,,,,,,,,
15,0.625,0.13,5.22,21.17,3.19,5417.41,-2.9,0,,,,,,,,,,,,,,,,,,,,,,,
15,0.625,0.13,5.21,21.09,3.07,5458.38,-2.8,-0.1,,,,,,,,,,,,,,,,,,,,,,,
15,0.625,0.13,5.21,21,3.06,5442.85,-2.8,-0.1,,,,,,,,,,,,,,,,,,,,,,,
15,0.625,0.13,5.2,20.92,3,5433.12,-2.9,-0.1,,,,,,,,,,,,,,,,,,,,,,,
15,0.625,0.13,5.19,20.84,3.06,5454.93,-2.9,-0.1,,,,,,,,,,,,,,,,,,,,,,,
15,0.625,0.13,5.19,20.77,2.93,5501.07,-2.9,-0.2,,,,,,,,,,,,,,,,,,,,,,,
15,0.625,0.13,5.18,20.7,2.9,5480.01,-2.9,-0.2,,,,,,,,,,,,,,,,,,,,,,,
15,0.625,0.13,5.17,20.63,2.97,5514.2,-2.9,-0.1,,,,,,,,,,,,,,,,,,,,,,,
15,0.625,0.13,5.16,20.57,2.94,5519.55,-2.9,-0.1,,,,,,,,,,,,,,,,,,,,,,,
15,0.625,0.13,5.16,20.52,2.87,5498.46,-2.9,-0.2,,,,,,,,,,,,,,,,,,,,,,,
15,0.625,0.13,5.15,20.46,2.86,5522.4,-2.9,-0.2,,,,,,,,,,,,,,,,,,,,,,,
15,0.625,0.13,5.14,20.4,2.93,5511.64,-2.9,-0.1,,,,,,,,,,,,,,,,,,,,,,,
15,0.625,0.13,5.13,20.37,2.82,5557.39,-2.9,-0.1,,,,,,,,,,,,,,,,,,,,,,,
15,0.625,0.13,5.12,20.32,2.87,5547.82,-2.9,-0.1,,,,,,,,,,,,,,,,,,,,,,,
15,0.625,0.13,5.11,20.29,2.75,5512.66,-2.8,-0.2,,,,,,,,,,,,,,,,,,,,,,,
15,0.625,0.13,5.1,20.24,2.82,5465.94,-2.8,-0.1,,,,,,,,,,,,,,,,,,,,,,,
15,0.625,0.13,5.09,20.2,2.68,5454.32,-2.8,-0.2,,,,,,,,,,,,,,,,,,,,,,,
15,0.625,0.13,5.07,20.15,2.72,5399.94,-2.8,-0.2,,,,,,,,,,,,,,,,,,,,,,,
15,0.625,0.13,5.06,20.1,2.67,5342.7,-2.8,-0.2,,,,,,,,,,,,,,,,,,,,,,,
15,0.625,0.13,5.04,20.05,2.7,5310.76,-2.8,-0.2,,,,,,,,,,,,,,,,,,,,,,,
15,0.625,0.13,5.03,20,2.73,5310.01,-2.8,-0.1,,,,,,,,,,,,,,,,,,,,,,,
15,0.625,0.13,5.02,19.96,2.73,5343.42,-2.8,-0.1,,,,,,,,,,,,,,,,,,,,,,,
15,0.625,0.13,5.01,19.92,2.72,5326.08,-2.7,-0.1,,,,,,,,,,,,,,,,,,,,,,,
15,0.625,0.13,4.99,19.88,2.67,5268.32,-2.7,-0.1,,,,,,,,,,,,,,,,,,,,,,,
15,0.625,0.13,4.98,19.85,2.63,5293.31,-2.7,-0.1,,,,,,,,,,,,,,,,,,,,,,,
15,0.625,0.13,4.97,19.82,2.6,5275.46,-2.7,-0.1,,,,,,,,,,,,,,,,,,,,,,,
15,0.625,0.13,4.96,19.77,2.59,5218.49,-2.7,-0.1,,,,,,,,,,,,,,,,,,,,,,,
15,0.625,0.13,4.95,19.74,2.58,5228.52,-2.7,-0.1,,,,,,,,,,,,,,,,,,,,,,,
15,0.625,0.13,4.94,19.7,2.63,5246.2,-2.7,-0.1,,,,,,,,,,,,,,,,,,,,,,,
15,0.625,0.13,4.92,19.67,2.61,5237.11,-2.7,0,,,,,,,,,,,,,,,,,,,,,,,
15,0.625,0.13,4.91,19.64,2.55,5188.36,-2.7,-0.1,,,,,,,,,,,,,,,,,,,,,,,
15,0.625,0.13,4.9,19.61,2.48,5173.88,-2.7,-0.2,,,,,,,,,,,,,,,,,,,,,,,
15,0.625,0.13,4.89,19.58,2.48,5199.01,-2.7,-0.1,,,,,,,,,,,,,,,,,,,,,,,
15,0.625,0.13,4.87,19.56,2.48,5246.53,-2.7,-0.1,,,,,,,,,,,,,,,,,,,,,,,
15,0.625,0.13,4.86,19.53,2.47,5205.79,-2.7,-0.1,,,,,,,,,,,,,,,,,,,,,,,
15,0.625,0.13,4.85,19.51,2.48,5253.3,-2.7,-0.1,,,,,,,,,,,,,,,,,,,,,,,
15,0.625,0.13,4.83,19.5,2.52,5291.88,-2.7,0,,,,,,,,,,,,,,,,,,,,,,,
15,0.625,0.13,4.82,19.48,2.53,5271.54,-2.8,0,,,,,,,,,,,,,,,,,,,,,,,
15,0.625,0.13,4.81,19.47,2.52,5270.77,-2.7,0,,,,,,,,,,,,,,,,,,,,,,,
15,0.625,0.13,4.79,19.46,2.55,5254.71,-2.7,0,,,,,,,,,,,,,,,,,,,,,,,
15,0.625,0.13,4.78,19.45,2.58,5288.82,-2.7,0.1,,,,,,,,,,,,,,,,,,,,,,,
15,0.625,0.13,4.76,19.45,2.54,5312.34,-2.7,0,,,,,,,,,,,,,,,,,,,,,,,
15,0.625,0.13,4.75,19.45,2.56,5361.44,-2.6,0.1,,,,,,,,,,,,,,,,,,,,,,,
15,0.625,0.13,4.73,19.46,2.52,5352.96,-2.6,0,,,,,,,,,,,,,,,,,,,,,,,
15,0.625,0.13,4.72,19.47,2.52,5375.69,-2.6,0.1,,,,,,,,,,,,,,,,,,,,,,,
15,0.625,0.13,4.7,19.48,2.56,5416.79,-2.7,0.1,,,,,,,,,,,,,,,,,,,,,,,
15,0.625,0.13,4.69,19.49,2.61,5464.3,-2.7,0.1,,,,,,,,,,,,,,,,,,,,,,,
15,0.625,0.13,4.67,19.5,2.64,5427.5,-2.7,0.1,,,,,,,,,,,,,,,,,,,,,,,
15,0.625,0.13,4.65,19.51,2.61,5436.06,-2.7,0.1,,,,,,,,,,,,,,,,,,,,,,,
15,0.625,0.13,4.64,19.52,2.59,5428.71,-2.7,0.1,,,,,,,,,,,,,,,,,,,,,,,
15,0.625,0.13,4.62,19.53,2.53,5433.97,-2.7,0,,,,,,,,,,,,,,,,,,,,,,,
15,0.625,0.13,4.6,19.55,2.54,5474.3,-2.7,0.1,,,,,,,,,,,,,,,,,,,,,,,
15,0.625,0.13,4.58,19.57,2.5,5528.1,-2.7,0,,,,,,,,,,,,,,,,,,,,,,,
15,0.625,0.13,4.56,19.58,2.48,5476.83,-2.6,0,,,,,,,,,,,,,,,,,,,,,,,
15,0.625,0.13,4.54,19.6,2.43,5430.52,-2.6,0,,,,,,,,,,,,,,,,,,,,,,,
15,0.625,0.13,4.52,19.61,2.43,5414.98,-2.6,0,,,,,,,,,,,,,,,,,,,,,,,
15,0.625,0.13,4.5,19.62,2.4,5417,-2.6,0,,,,,,,,,,,,,,,,,,,,,,,
15,0.625,0.13,4.48,19.64,2.39,5379.86,-2.6,0,,,,,,,,,,,,,,,,,,,,,,,
15,0.625,0.13,4.46,19.64,2.36,5367.75,-2.6,-0.1,,,,,,,,,,,,,,,,,,,,,,,
15,0.625,0.13,4.44,19.65,2.3,5340.36,-2.5,-0.1,,,,,,,,,,,,,,,,,,,,,,,
15,0.625,0.13,4.42,19.67,2.24,5396.32,-2.6,-0.2,,,,,,,,,,,,,,,,,,,,,,,
15,0.625,0.13,4.39,19.68,2.22,5385.65,-2.5,-0.2,,,,,,,,,,,,,,,,,,,,,,,
15,0.625,0.13,4.37,19.7,2.18,5420.19,-2.6,-0.2,,,,,,,,,,,,,,,,,,,,,,,
15,0.625,0.13,4.35,19.71,2.16,5380,-2.5,-0.2,,,,,,,,,,,,,,,,,,,,,,,
15,0.625,0.13,4.32,19.72,2.17,5351.32,-2.6,-0.2,,,,,,,,,,,,,,,,,,,,,,,
15,0.625,0.13,4.3,19.72,2.21,5299.67,-2.6,-0.2,,,,,,,,,,,,,,,,,,,,,,,
15,0.625,0.13,4.27,19.72,2.19,5284.74,-2.6,-0.2,,,,,,,,,,,,,,,,,,,,,,,
15,0.625,0.13,4.25,19.73,2.16,5296.95,-2.6,-0.2,,,,,,,,,,,,,,,,,,,,,,,
15,0.625,0.13,4.23,19.73,2.11,5342.86,-2.6,-0.3,,,,,,,,,,,,,,,,,,,,,,,
15,0.625,0.13,4.2,19.75,2.08,5401.03,-2.6,-0.3,,,,,,,,,,,,,,,,,,,,,,,
15,0.625,0.13,4.17,19.76,2.06,5364.53,-2.7,-0.3,,,,,,,,,,,,,,,,,,,,,,,
15,0.625,0.13,4.15,19.77,2.09,5372.47,-2.6,-0.3,,,,,,,,,,,,,,,,,,,,,,,
15,0.625,0.13,4.12,19.78,2.04,5338.95,-2.6,-0.3,,,,,,,,,,,,,,,,,,,,,,,
15,0.625,0.13,4.09,19.79,1.97,5308.19,-2.6,-0.4,,,,,,,,,,,,,,,,,,,,,,,
15,0.625,0.13,4.06,19.79,1.97,5272.83,-2.6,-0.3,,,,,,,,,,,,,,,,,,,,,,,
15,0.625,0.13,4.03,19.79,1.95,5227.55,-2.6,-0.3,,,,,,,,,,,,,,,,,,,,,,,
15,0.625,0.13,4,19.8,1.97,5279.8,-2.6,-0.3,,,,,,,,,,,,,,,,,,,,,,,
15,0.625,0.13,3.97,19.81,1.98,5294.06,-2.5,-0.3,,,,,,,,,,,,,,,,,,,,,,,
15,0.625,0.13,3.94,19.82,1.93,5251.98,-2.5,-0.3,,,,,,,,,,,,,,,,,,,,,,,
15,0.625,0.13,3.91,19.84,1.93,5280.81,-2.5,-0.3,,,,,,,,,,,,,,,,,,,,,,,
15,0.625,0.13,3.88,19.85,1.94,5339.13,-2.6,-0.3,,,,,,,,,,,,,,,,,,,,,,,
15,0.625,0.13,3.85,19.87,1.89,5326.69,-2.6,-0.4,,,,,,,,,,,,,,,,,,,,,,,
15,0.625,0.13,3.82,19.88,1.92,5306.31,-2.6,-0.3,,,,,,,,,,,,,,,,,,,,,,,
15,0.625,0.13,3.79,19.9,1.88,5309.14,-2.6,-0.4,,,,,,,,,,,,,,,,,,,,,,,
15,0.625,0.13,3.75,19.91,1.85,5347.6,-2.6,-0.4,,,,,,,,,,,,,,,,,,,,,,,
15,0.625,0.13,3.72,19.94,1.78,5396.04,-2.6,-0.4,,,,,,,,,,,,,,,,,,,,,,,
15,0.625,0.13,3.69,19.97,1.8,5392.14,-2.5,-0.4,,,,,,,,,,,,,,,,,,,,,,,
15,0.625,0.13,3.66,19.99,1.85,5340.88,-2.6,-0.3,,,,,,,,,,,,,,,,,,,,,,,
15,0.625,0.13,3.62,20,1.86,5304.34,-2.5,-0.3,,,,,,,,,,,,,,,,,,,,,,,
15,0.625,0.13,3.59,20.02,1.87,5294.65,-2.5,-0.3,,,,,,,,,,,,,,,,,,,,,,,
15,0.625,0.13,3.56,20.04,1.84,5305.62,-2.5,-0.3,,,,,,,,,,,,,,,,,,,,,,,
15,0.625,0.13,3.53,20.06,1.88,5295.85,-2.5,-0.3,,,,,,,,,,,,,,,,,,,,,,,
Snippet 8,,,,,,,,,,,,,,,,,,,,,,,,,,,,,,,
mass[kg], area[m^2], cd[-], pitch_angle[deg], vel_x[m/s] , vel_y[m/s], prop_speed[rpm], est_wind_x[m/s], est_wind_y[m/s],,,,,,,,,,,,,,,,,,,,,,,
15,0.625,0.13,-4.75,26.45,-0.38,4870.65,-3.6,0.1,,,,,,,,,,,,,,,,,,,,,,,
15,0.625,0.13,-4.75,26.37,-0.37,4882.17,-3.6,0.1,,,,,,,,,,,,,,,,,,,,,,,
15,0.625,0.13,-4.75,26.28,-0.4,4832.48,-3.5,0.1,,,,,,,,,,,,,,,,,,,,,,,
15,0.625,0.13,-4.75,26.21,-0.39,4859.23,-3.5,0.1,,,,,,,,,,,,,,,,,,,,,,,
15,0.625,0.13,-4.74,26.14,-0.45,4898.86,-3.5,0.1,,,,,,,,,,,,,,,,,,,,,,,
15,0.625,0.13,-4.74,26.07,-0.5,4893.14,-3.5,0,,,,,,,,,,,,,,,,,,,,,,,
15,0.625,0.13,-4.74,26.02,-0.41,4889.1,-3.5,0.1,,,,,,,,,,,,,,,,,,,,,,,
15,0.625,0.13,-4.74,25.96,-0.39,4922.58,-3.5,0.1,,,,,,,,,,,,,,,,,,,,,,,
15,0.625,0.13,-4.74,25.91,-0.41,4904.28,-3.5,0.1,,,,,,,,,,,,,,,,,,,,,,,
15,0.625,0.13,-4.74,25.85,-0.38,4891.06,-3.5,0.1,,,,,,,,,,,,,,,,,,,,,,,
15,0.625,0.13,-4.74,25.81,-0.32,4937.72,-3.5,0.2,,,,,,,,,,,,,,,,,,,,,,,
15,0.625,0.13,-4.74,25.76,-0.34,4938.51,-3.5,0.2,,,,,,,,,,,,,,,,,,,,,,,
15,0.625,0.13,-4.74,25.73,-0.35,4985.94,-3.5,0.2,,,,,,,,,,,,,,,,,,,,,,,
15,0.625,0.13,-4.74,25.7,-0.33,5014.28,-3.5,0.2,,,,,,,,,,,,,,,,,,,,,,,
15,0.625,0.13,-4.74,25.67,-0.38,5063.69,-3.5,0.2,,,,,,,,,,,,,,,,,,,,,,,
15,0.625,0.13,-4.74,25.64,-0.37,5038.86,-3.5,0.2,,,,,,,,,,,,,,,,,,,,,,,
15,0.625,0.13,-4.74,25.61,-0.44,5018.66,-3.5,0.1,,,,,,,,,,,,,,,,,,,,,,,
15,0.625,0.13,-4.74,25.58,-0.42,5004.09,-3.5,0.1,,,,,,,,,,,,,,,,,,,,,,,
15,0.625,0.13,-4.74,25.56,-0.4,5022.47,-3.4,0.1,,,,,,,,,,,,,,,,,,,,,,,
15,0.625,0.13,-4.74,25.54,-0.41,4984.07,-3.4,0.1,,,,,,,,,,,,,,,,,,,,,,,
15,0.625,0.13,-4.73,25.51,-0.48,4992.71,-3.4,0.1,,,,,,,,,,,,,,,,,,,,,,,
15,0.625,0.13,-4.73,25.49,-0.53,4983.37,-3.5,0,,,,,,,,,,,,,,,,,,,,,,,
15,0.625,0.13,-4.73,25.47,-0.52,5029.16,-3.5,0,,,,,,,,,,,,,,,,,,,,,,,
15,0.625,0.13,-4.72,25.45,-0.46,5005.76,-3.5,0.1,,,,,,,,,,,,,,,,,,,,,,,
15,0.625,0.13,-4.72,25.43,-0.42,4980.28,-3.5,0.1,,,,,,,,,,,,,,,,,,,,,,,
15,0.625,0.13,-4.71,25.4,-0.51,5021.83,-3.6,0.1,,,,,,,,,,,,,,,,,,,,,,,
15,0.625,0.13,-4.71,25.39,-0.44,5044.79,-3.6,0.1,,,,,,,,,,,,,,,,,,,,,,,
15,0.625,0.13,-4.7,25.37,-0.53,5070.24,-3.5,0,,,,,,,,,,,,,,,,,,,,,,,
15,0.625,0.13,-4.69,25.36,-0.51,5056.65,-3.5,0,,,,,,,,,,,,,,,,,,,,,,,
15,0.625,0.13,-4.69,25.34,-0.49,5054.4,-3.6,0,,,,,,,,,,,,,,,,,,,,,,,
15,0.625,0.13,-4.68,25.32,-0.49,5031.53,-3.6,0,,,,,,,,,,,,,,,,,,,,,,,
15,0.625,0.13,-4.67,25.3,-0.47,4995.16,-3.6,0,,,,,,,,,,,,,,,,,,,,,,,
15,0.625,0.13,-4.66,25.29,-0.39,5050.02,-3.7,0.1,,,,,,,,,,,,,,,,,,,,,,,
15,0.625,0.13,-4.65,25.26,-0.46,5047.91,-3.7,0.1,,,,,,,,,,,,,,,,,,,,,,,
15,0.625,0.13,-4.64,25.25,-0.39,5091.34,-3.7,0.1,,,,,,,,,,,,,,,,,,,,,,,
15,0.625,0.13,-4.63,25.24,-0.36,5044.62,-3.7,0.1,,,,,,,,,,,,,,,,,,,,,,,
15,0.625,0.13,-4.63,25.22,-0.34,5052.83,-3.7,0.2,,,,,,,,,,,,,,,,,,,,,,,
15,0.625,0.13,-4.62,25.22,-0.28,5105.9,-3.6,0.2,,,,,,,,,,,,,,,,,,,,,,,
15,0.625,0.13,-4.61,25.21,-0.28,5112.01,-3.7,0.2,,,,,,,,,,,,,,,,,,,,,,,
15,0.625,0.13,-4.59,25.19,-0.33,5106.55,-3.7,0.2,,,,,,,,,,,,,,,,,,,,,,,
15,0.625,0.13,-4.58,25.2,-0.25,5162.32,-3.7,0.2,,,,,,,,,,,,,,,,,,,,,,,
15,0.625,0.13,-4.57,25.19,-0.26,5201.01,-3.7,0.2,,,,,,,,,,,,,,,,,,,,,,,
15,0.625,0.13,-4.56,25.18,-0.27,5151.05,-3.7,0.2,,,,,,,,,,,,,,,,,,,,,,,
15,0.625,0.13,-4.55,25.18,-0.23,5178.36,-3.8,0.2,,,,,,,,,,,,,,,,,,,,,,,
15,0.625,0.13,-4.54,25.16,-0.29,5172.84,-3.8,0.2,,,,,,,,,,,,,,,,,,,,,,,
15,0.625,0.13,-4.52,25.16,-0.21,5199.06,-3.9,0.2,,,,,,,,,,,,,,,,,,,,,,,
15,0.625,0.13,-4.51,25.15,-0.17,5212.02,-3.8,0.3,,,,,,,,,,,,,,,,,,,,,,,
15,0.625,0.13,-4.49,25.14,-0.25,5185.31,-3.8,0.2,,,,,,,,,,,,,,,,,,,,,,,
15,0.625,0.13,-4.47,25.14,-0.27,5188.71,-3.7,0.2,,,,,,,,,,,,,,,,,,,,,,,
15,0.625,0.13,-4.46,25.14,-0.22,5227.24,-3.7,0.2,,,,,,,,,,,,,,,,,,,,,,,
15,0.625,0.13,-4.44,25.14,-0.19,5215.67,-3.7,0.2,,,,,,,,,,,,,,,,,,,,,,,
15,0.625,0.13,-4.43,25.14,-0.11,5232.11,-3.7,0.3,,,,,,,,,,,,,,,,,,,,,,,
15,0.625,0.13,-4.41,25.13,-0.12,5196.33,-3.7,0.3,,,,,,,,,,,,,,,,,,,,,,,
15,0.625,0.13,-4.39,25.12,-0.11,5186.72,-3.8,0.3,,,,,,,,,,,,,,,,,,,,,,,
15,0.625,0.13,-4.37,25.12,-0.06,5232.46,-3.8,0.3,,,,,,,,,,,,,,,,,,,,,,,
15,0.625,0.13,-4.36,25.12,-0.06,5264.51,-3.8,0.3,,,,,,,,,,,,,,,,,,,,,,,
15,0.625,0.13,-4.34,25.12,0.02,5251.22,-3.8,0.4,,,,,,,,,,,,,,,,,,,,,,,
15,0.625,0.13,-4.32,25.11,0.04,5227.83,-3.8,0.4,,,,,,,,,,,,,,,,,,,,,,,
15,0.625,0.13,-4.3,25.11,0.08,5227.29,-3.7,0.4,,,,,,,,,,,,,,,,,,,,,,,
15,0.625,0.13,-4.28,25.11,0.13,5245.12,-3.7,0.5,,,,,,,,,,,,,,,,,,,,,,,
15,0.625,0.13,-4.26,25.11,0.18,5248.24,-3.8,0.5,,,,,,,,,,,,,,,,,,,,,,,
15,0.625,0.13,-4.24,25.11,0.21,5299.62,-3.8,0.5,,,,,,,,,,,,,,,,,,,,,,,
15,0.625,0.13,-4.22,25.11,0.28,5354.43,-3.8,0.6,,,,,,,,,,,,,,,,,,,,,,,
15,0.625,0.13,-4.19,25.11,0.25,5365.46,-3.8,0.5,,,,,,,,,,,,,,,,,,,,,,,
15,0.625,0.13,-4.17,25.11,0.31,5321.44,-3.8,0.6,,,,,,,,,,,,,,,,,,,,,,,
15,0.625,0.13,-4.15,25.11,0.33,5337.82,-3.8,0.6,,,,,,,,,,,,,,,,,,,,,,,
15,0.625,0.13,-4.13,25.1,0.34,5286.8,-3.8,0.6,,,,,,,,,,,,,,,,,,,,,,,
15,0.625,0.13,-4.11,25.09,0.3,5227.58,-3.8,0.6,,,,,,,,,,,,,,,,,,,,,,,
15,0.625,0.13,-4.08,25.08,0.34,5271.97,-3.8,0.6,,,,,,,,,,,,,,,,,,,,,,,
15,0.625,0.13,-4.06,25.07,0.37,5280.86,-3.8,0.6,,,,,,,,,,,,,,,,,,,,,,,
15,0.625,0.13,-4.04,25.06,0.4,5232.67,-3.8,0.6,,,,,,,,,,,,,,,,,,,,,,,
15,0.625,0.13,-4.01,25.05,0.46,5286.13,-3.8,0.6,,,,,,,,,,,,,,,,,,,,,,,
15,0.625,0.13,-3.99,25.04,0.5,5246.79,-3.9,0.7,,,,,,,,,,,,,,,,,,,,,,,
15,0.625,0.13,-3.97,25.02,0.48,5236.94,-3.8,0.7,,,,,,,,,,,,,,,,,,,,,,,
15,0.625,0.13,-3.94,25,0.42,5201.86,-3.8,0.6,,,,,,,,,,,,,,,,,,,,,,,
15,0.625,0.13,-3.92,24.97,0.42,5147.82,-3.8,0.6,,,,,,,,,,,,,,,,,,,,,,,
15,0.625,0.13,-3.89,24.95,0.47,5164.41,-3.8,0.6,,,,,,,,,,,,,,,,,,,,,,,
15,0.625,0.13,-3.86,24.93,0.46,5182.59,-3.8,0.6,,,,,,,,,,,,,,,,,,,,,,,
15,0.625,0.13,-3.84,24.9,0.41,5206.81,-3.9,0.6,,,,,,,,,,,,,,,,,,,,,,,
15,0.625,0.13,-3.81,24.88,0.41,5166.3,-3.9,0.5,,,,,,,,,,,,,,,,,,,,,,,
15,0.625,0.13,-3.78,24.86,0.46,5202.89,-3.9,0.5,,,,,,,,,,,,,,,,,,,,,,,
15,0.625,0.13,-3.75,24.83,0.54,5164.71,-4,0.6,,,,,,,,,,,,,,,,,,,,,,,
15,0.625,0.13,-3.72,24.81,0.58,5204.76,-3.9,0.6,,,,,,,,,,,,,,,,,,,,,,,
15,0.625,0.13,-3.69,24.79,0.65,5223.96,-3.9,0.7,,,,,,,,,,,,,,,,,,,,,,,
15,0.625,0.13,-3.66,24.77,0.58,5231.43,-3.9,0.7,,,,,,,,,,,,,,,,,,,,,,,
15,0.625,0.13,-3.64,24.74,0.61,5171.92,-4,0.6,,,,,,,,,,,,,,,,,,,,,,,
15,0.625,0.13,-3.61,24.73,0.67,5224.84,-3.9,0.7,,,,,,,,,,,,,,,,,,,,,,,
15,0.625,0.13,-3.58,24.7,0.6,5194.16,-4,0.6,,,,,,,,,,,,,,,,,,,,,,,
15,0.625,0.13,-3.55,24.67,0.56,5202.13,-4,0.6,,,,,,,,,,,,,,,,,,,,,,,
15,0.625,0.13,-3.52,24.65,0.61,5239.6,-4,0.6,,,,,,,,,,,,,,,,,,,,,,,
15,0.625,0.13,-3.48,24.63,0.66,5284.31,-4,0.6,,,,,,,,,,,,,,,,,,,,,,,
15,0.625,0.13,-3.46,24.62,0.68,5327.71,-4.1,0.6,,,,,,,,,,,,,,,,,,,,,,,
15,0.625,0.13,-3.42,24.6,0.74,5337.16,-4.1,0.7,,,,,,,,,,,,,,,,,,,,,,,
15,0.625,0.13,-3.39,24.59,0.77,5375.8,-4,0.7,,,,,,,,,,,,,,,,,,,,,,,
15,0.625,0.13,-3.36,24.58,0.83,5384.4,-4.1,0.7,,,,,,,,,,,,,,,,,,,,,,,
15,0.625,0.13,-3.33,24.57,0.85,5385.79,-4.1,0.7,,,,,,,,,,,,,,,,,,,,,,,
15,0.625,0.13,-3.3,24.56,0.91,5333.03,-4,0.8,,,,,,,,,,,,,,,,,,,,,,,
15,0.625,0.13,-3.26,24.54,0.97,5328.55,-4.1,0.8,,,,,,,,,,,,,,,,,,,,,,,
15,0.625,0.13,-3.23,24.52,0.9,5355.73,-4.1,0.8,,,,,,,,,,,,,,,,,,,,,,,
15,0.625,0.13,-3.2,24.5,0.92,5345.9,-4.1,0.7,,,,,,,,,,,,,,,,,,,,,,,
15,0.625,0.13,-3.16,24.48,1,5337.54,-4.1,0.8,,,,,,,,,,,,,,,,,,,,,,,
Snippet 9,,,,,,,,,,,,,,,,,,,,,,,,,,,,,,,
mass[kg], area[m^2], cd[-], pitch_angle[deg], vel_x[m/s] , vel_y[m/s], prop_speed[rpm], est_wind_x[m/s], est_wind_y[m/s],,,,,,,,,,,,,,,,,,,,,,,
15,0.625,0.13,1.82,26.33,1.78,4935.39,2.6,0,,,,,,,,,,,,,,,,,,,,,,,
15,0.625,0.13,1.81,26.31,1.8,4930.19,2.5,0,,,,,,,,,,,,,,,,,,,,,,,
15,0.625,0.13,1.81,26.29,1.76,4944.6,2.5,0,,,,,,,,,,,,,,,,,,,,,,,
15,0.625,0.13,1.8,26.27,1.74,5003.66,2.5,0,,,,,,,,,,,,,,,,,,,,,,,
15,0.625,0.13,1.8,26.26,1.78,5019.19,2.5,0,,,,,,,,,,,,,,,,,,,,,,,
15,0.625,0.13,1.79,26.25,1.74,5019.14,2.5,0,,,,,,,,,,,,,,,,,,,,,,,
15,0.625,0.13,1.78,26.25,1.7,5043.28,2.5,-0.1,,,,,,,,,,,,,,,,,,,,,,,
15,0.625,0.13,1.77,26.25,1.66,5057.17,2.6,-0.1,,,,,,,,,,,,,,,,,,,,,,,
15,0.625,0.13,1.76,26.24,1.67,5004.13,2.5,-0.1,,,,,,,,,,,,,,,,,,,,,,,
15,0.625,0.13,1.75,26.24,1.63,5040.35,2.6,-0.1,,,,,,,,,,,,,,,,,,,,,,,
15,0.625,0.13,1.74,26.24,1.65,5080.48,2.6,-0.1,,,,,,,,,,,,,,,,,,,,,,,
15,0.625,0.13,1.73,26.26,1.65,5132.67,2.7,0,,,,,,,,,,,,,,,,,,,,,,,
15,0.625,0.13,1.72,26.28,1.68,5191.98,2.7,0,,,,,,,,,,,,,,,,,,,,,,,
15,0.625,0.13,1.71,26.3,1.69,5183.78,2.7,0,,,,,,,,,,,,,,,,,,,,,,,
15,0.625,0.13,1.7,26.32,1.68,5222.45,2.7,0,,,,,,,,,,,,,,,,,,,,,,,
15,0.625,0.13,1.68,26.35,1.67,5275.25,2.7,0,,,,,,,,,,,,,,,,,,,,,,,
15,0.625,0.13,1.67,26.39,1.71,5301.41,2.8,0,,,,,,,,,,,,,,,,,,,,,,,
15,0.625,0.13,1.66,26.42,1.67,5333.44,2.8,0,,,,,,,,,,,,,,,,,,,,,,,
15,0.625,0.13,1.64,26.46,1.62,5348.71,2.8,-0.1,,,,,,,,,,,,,,,,,,,,,,,
15,0.625,0.13,1.63,26.5,1.62,5374.42,2.8,-0.1,,,,,,,,,,,,,,,,,,,,,,,
15,0.625,0.13,1.61,26.54,1.58,5380.69,2.8,-0.1,,,,,,,,,,,,,,,,,,,,,,,
15,0.625,0.13,1.59,26.57,1.53,5390.71,2.8,-0.2,,,,,,,,,,,,,,,,,,,,,,,
15,0.625,0.13,1.58,26.6,1.54,5371.68,2.7,-0.2,,,,,,,,,,,,,,,,,,,,,,,
15,0.625,0.13,1.56,26.63,1.49,5340.66,2.8,-0.2,,,,,,,,,,,,,,,,,,,,,,,
15,0.625,0.13,1.54,26.66,1.47,5336.54,2.8,-0.2,,,,,,,,,,,,,,,,,,,,,,,
15,0.625,0.13,1.53,26.69,1.43,5371.23,2.8,-0.3,,,,,,,,,,,,,,,,,,,,,,,
15,0.625,0.13,1.51,26.71,1.39,5326.53,2.7,-0.3,,,,,,,,,,,,,,,,,,,,,,,
15,0.625,0.13,1.49,26.73,1.38,5273.24,2.8,-0.3,,,,,,,,,,,,,,,,,,,,,,,
15,0.625,0.13,1.46,26.74,1.37,5255.29,2.7,-0.3,,,,,,,,,,,,,,,,,,,,,,,
15,0.625,0.13,1.44,26.76,1.37,5290.61,2.8,-0.3,,,,,,,,,,,,,,,,,,,,,,,
15,0.625,0.13,1.42,26.78,1.39,5295.67,2.8,-0.3,,,,,,,,,,,,,,,,,,,,,,,
15,0.625,0.13,1.4,26.8,1.35,5258.83,2.7,-0.3,,,,,,,,,,,,,,,,,,,,,,,
15,0.625,0.13,1.38,26.81,1.35,5215.93,2.8,-0.3,,,,,,,,,,,,,,,,,,,,,,,
15,0.625,0.13,1.36,26.82,1.41,5208.38,2.7,-0.3,,,,,,,,,,,,,,,,,,,,,,,
15,0.625,0.13,1.34,26.83,1.44,5207.15,2.7,-0.2,,,,,,,,,,,,,,,,,,,,,,,
15,0.625,0.13,1.32,26.83,1.47,5168.3,2.7,-0.2,,,,,,,,,,,,,,,,,,,,,,,
15,0.625,0.13,1.29,26.83,1.46,5153,2.7,-0.2,,,,,,,,,,,,,,,,,,,,,,,
15,0.625,0.13,1.27,26.84,1.48,5185.02,2.7,-0.2,,,,,,,,,,,,,,,,,,,,,,,
15,0.625,0.13,1.24,26.86,1.44,5200.78,2.8,-0.2,,,,,,,,,,,,,,,,,,,,,,,
15,0.625,0.13,1.22,26.87,1.44,5183.32,2.8,-0.2,,,,,,,,,,,,,,,,,,,,,,,
15,0.625,0.13,1.19,26.88,1.42,5233.83,2.8,-0.2,,,,,,,,,,,,,,,,,,,,,,,
15,0.625,0.13,1.17,26.9,1.42,5235.12,2.8,-0.2,,,,,,,,,,,,,,,,,,,,,,,
15,0.625,0.13,1.14,26.91,1.45,5189.71,2.7,-0.2,,,,,,,,,,,,,,,,,,,,,,,
15,0.625,0.13,1.11,26.92,1.49,5184.03,2.7,-0.1,,,,,,,,,,,,,,,,,,,,,,,
15,0.625,0.13,1.08,26.93,1.46,5127.86,2.8,-0.1,,,,,,,,,,,,,,,,,,,,,,,
15,0.625,0.13,1.05,26.94,1.45,5164.74,2.8,-0.1,,,,,,,,,,,,,,,,,,,,,,,
15,0.625,0.13,1.02,26.95,1.45,5165.57,2.7,-0.1,,,,,,,,,,,,,,,,,,,,,,,
15,0.625,0.13,0.98,26.96,1.44,5184.01,2.7,-0.1,,,,,,,,,,,,,,,,,,,,,,,
15,0.625,0.13,0.95,26.98,1.44,5223.35,2.7,-0.1,,,,,,,,,,,,,,,,,,,,,,,
15,0.625,0.13,0.92,26.99,1.47,5256.2,2.6,-0.1,,,,,,,,,,,,,,,,,,,,,,,
15,0.625,0.13,0.88,27.01,1.46,5197.97,2.7,-0.1,,,,,,,,,,,,,,,,,,,,,,,
15,0.625,0.13,0.85,27.03,1.48,5227.25,2.7,0,,,,,,,,,,,,,,,,,,,,,,,
15,0.625,0.13,0.82,27.05,1.48,5254.84,2.7,0,,,,,,,,,,,,,,,,,,,,,,,
15,0.625,0.13,0.78,27.07,1.48,5219.29,2.8,0,,,,,,,,,,,,,,,,,,,,,,,
15,0.625,0.13,0.75,27.08,1.52,5204.16,2.7,0,,,,,,,,,,,,,,,,,,,,,,,
15,0.625,0.13,0.72,27.1,1.52,5237.08,2.7,0,,,,,,,,,,,,,,,,,,,,,,,
15,0.625,0.13,0.68,27.12,1.53,5215.67,2.7,0.1,,,,,,,,,,,,,,,,,,,,,,,
15,0.625,0.13,0.64,27.14,1.49,5190.55,2.8,0,,,,,,,,,,,,,,,,,,,,,,,
15,0.625,0.13,0.61,27.16,1.45,5181.55,2.8,0,,,,,,,,,,,,,,,,,,,,,,,
15,0.625,0.13,0.57,27.17,1.41,5132.84,2.8,0,,,,,,,,,,,,,,,,,,,,,,,
15,0.625,0.13,0.53,27.19,1.42,5164.3,2.8,0,,,,,,,,,,,,,,,,,,,,,,,
15,0.625,0.13,0.5,27.21,1.46,5202.23,2.7,0.1,,,,,,,,,,,,,,,,,,,,,,,
15,0.625,0.13,0.46,27.22,1.46,5155.34,2.7,0.1,,,,,,,,,,,,,,,,,,,,,,,
15,0.625,0.13,0.42,27.24,1.49,5205.08,2.7,0.1,,,,,,,,,,,,,,,,,,,,,,,
15,0.625,0.13,0.38,27.26,1.45,5192.08,2.7,0.1,,,,,,,,,,,,,,,,,,,,,,,
15,0.625,0.13,0.35,27.29,1.44,5246.99,2.7,0.1,,,,,,,,,,,,,,,,,,,,,,,
15,0.625,0.13,0.31,27.31,1.42,5222.73,2.8,0.1,,,,,,,,,,,,,,,,,,,,,,,
15,0.625,0.13,0.27,27.33,1.36,5207.22,2.8,0,,,,,,,,,,,,,,,,,,,,,,,
15,0.625,0.13,0.23,27.35,1.29,5162.45,2.8,0,,,,,,,,,,,,,,,,,,,,,,,
15,0.625,0.13,0.19,27.37,1.31,5145.8,2.8,0,,,,,,,,,,,,,,,,,,,,,,,
15,0.625,0.13,0.14,27.39,1.29,5174.85,2.8,0,,,,,,,,,,,,,,,,,,,,,,,
15,0.625,0.13,0.1,27.42,1.28,5232.29,2.8,0,,,,,,,,,,,,,,,,,,,,,,,
15,0.625,0.13,0.06,27.46,1.28,5265.54,2.8,0,,,,,,,,,,,,,,,,,,,,,,,
15,0.625,0.13,0.01,27.49,1.32,5281.12,2.7,0.1,,,,,,,,,,,,,,,,,,,,,,,
15,0.625,0.13,-0.03,27.52,1.27,5268.04,2.8,0,,,,,,,,,,,,,,,,,,,,,,,
15,0.625,0.13,-0.08,27.54,1.21,5210.44,2.7,0,,,,,,,,,,,,,,,,,,,,,,,
15,0.625,0.13,-0.12,27.57,1.13,5229.84,2.8,-0.1,,,,,,,,,,,,,,,,,,,,,,,
15,0.625,0.13,-0.17,27.59,1.09,5251.91,2.7,-0.1,,,,,,,,,,,,,,,,,,,,,,,
15,0.625,0.13,-0.22,27.62,1.05,5206.33,2.7,-0.1,,,,,,,,,,,,,,,,,,,,,,,
15,0.625,0.13,-0.26,27.64,1.05,5185.89,2.7,-0.1,,,,,,,,,,,,,,,,,,,,,,,
15,0.625,0.13,-0.31,27.66,1.03,5156.2,2.7,-0.1,,,,,,,,,,,,,,,,,,,,,,,
15,0.625,0.13,-0.36,27.67,0.97,5097.9,2.7,-0.2,,,,,,,,,,,,,,,,,,,,,,,
15,0.625,0.13,-0.41,27.69,0.95,5128.63,2.7,-0.2,,,,,,,,,,,,,,,,,,,,,,,
15,0.625,0.13,-0.46,27.71,0.99,5187.75,2.7,-0.1,,,,,,,,,,,,,,,,,,,,,,,
15,0.625,0.13,-0.51,27.74,0.96,5198.14,2.7,-0.1,,,,,,,,,,,,,,,,,,,,,,,
15,0.625,0.13,-0.56,27.76,0.94,5145.69,2.7,-0.1,,,,,,,,,,,,,,,,,,,,,,,
15,0.625,0.13,-0.61,27.79,0.88,5193.64,2.8,-0.2,,,,,,,,,,,,,,,,,,,,,,,
15,0.625,0.13,-0.66,27.82,0.83,5191.83,2.7,-0.2,,,,,,,,,,,,,,,,,,,,,,,
15,0.625,0.13,-0.72,27.84,0.84,5163.99,2.7,-0.2,,,,,,,,,,,,,,,,,,,,,,,
15,0.625,0.13,-0.77,27.87,0.86,5180.55,2.7,-0.1,,,,,,,,,,,,,,,,,,,,,,,
15,0.625,0.13,-0.82,27.89,0.84,5121.59,2.7,-0.2,,,,,,,,,,,,,,,,,,,,,,,
15,0.625,0.13,-0.87,27.92,0.84,5171.51,2.7,-0.1,,,,,,,,,,,,,,,,,,,,,,,
15,0.625,0.13,-0.93,27.94,0.85,5141.48,2.6,-0.1,,,,,,,,,,,,,,,,,,,,,,,
15,0.625,0.13,-0.98,27.97,0.84,5187.68,2.7,-0.1,,,,,,,,,,,,,,,,,,,,,,,
15,0.625,0.13,-1.03,28.01,0.85,5207.71,2.7,-0.1,,,,,,,,,,,,,,,,,,,,,,,
15,0.625,0.13,-1.09,28.04,0.81,5178.67,2.7,-0.1,,,,,,,,,,,,,,,,,,,,,,,
15,0.625,0.13,-1.14,28.07,0.82,5159.4,2.8,-0.1,,,,,,,,,,,,,,,,,,,,,,,
15,0.625,0.13,-1.2,28.1,0.81,5164.67,2.8,0,,,,,,,,,,,,,,,,,,,,,,,
15,0.625,0.13,-1.25,28.14,0.76,5187.38,2.8,-0.1,,,,,,,,,,,,,,,,,,,,,,,
15,0.625,0.13,-1.31,28.17,0.75,5152.49,2.8,-0.1,,,,,,,,,,,,,,,,,,,,,,,
15,0.625,0.13,-1.36,28.2,0.74,5127.92,2.8,0,,,,,,,,,,,,,,,,,,,,,,,
Snippet 10,,,,,,,,,,,,,,,,,,,,,,,,,,,,,,,
mass[kg], area[m^2], cd[-], pitch_angle[deg], vel_x[m/s] , vel_y[m/s], prop_speed[rpm], est_wind_x[m/s], est_wind_y[m/s],,,,,,,,,,,,,,,,,,,,,,,
15,0.625,0.13,4.95,25.22,3.08,5512.37,-1,0,,,,,,,,,,,,,,,,,,,,,,,
15,0.625,0.13,4.95,25.09,3.11,5553.17,-1,0,,,,,,,,,,,,,,,,,,,,,,,
15,0.625,0.13,4.94,24.98,3.03,5607.86,-1,0,,,,,,,,,,,,,,,,,,,,,,,
15,0.625,0.13,4.94,24.87,3.04,5661.84,-1,0,,,,,,,,,,,,,,,,,,,,,,,
15,0.625,0.13,4.93,24.77,2.99,5645.2,-1,0,,,,,,,,,,,,,,,,,,,,,,,
15,0.625,0.13,4.93,24.68,2.95,5694.11,-1.1,0,,,,,,,,,,,,,,,,,,,,,,,
15,0.625,0.13,4.92,24.59,2.88,5745.92,-1.1,-0.1,,,,,,,,,,,,,,,,,,,,,,,
15,0.625,0.13,4.91,24.51,2.86,5788.89,-1.1,-0.1,,,,,,,,,,,,,,,,,,,,,,,
15,0.625,0.13,4.9,24.44,2.81,5779.36,-1.1,-0.1,,,,,,,,,,,,,,,,,,,,,,,
15,0.625,0.13,4.89,24.37,2.73,5772.21,-1.1,-0.2,,,,,,,,,,,,,,,,,,,,,,,
15,0.625,0.13,4.88,24.3,2.73,5739.96,-1.1,-0.1,,,,,,,,,,,,,,,,,,,,,,,
15,0.625,0.13,4.87,24.23,2.71,5702.95,-1.1,-0.2,,,,,,,,,,,,,,,,,,,,,,,
15,0.625,0.13,4.86,24.16,2.63,5672.53,-1.1,-0.2,,,,,,,,,,,,,,,,,,,,,,,
15,0.625,0.13,4.84,24.1,2.66,5705.83,-1.1,-0.2,,,,,,,,,,,,,,,,,,,,,,,
15,0.625,0.13,4.83,24.04,2.63,5654.33,-1.1,-0.2,,,,,,,,,,,,,,,,,,,,,,,
15,0.625,0.13,4.82,23.97,2.67,5659.53,-1.1,-0.1,,,,,,,,,,,,,,,,,,,,,,,
15,0.625,0.13,4.81,23.91,2.69,5621.19,-1,0,,,,,,,,,,,,,,,,,,,,,,,
15,0.625,0.13,4.79,23.86,2.63,5622.59,-1,-0.1,,,,,,,,,,,,,,,,,,,,,,,
15,0.625,0.13,4.78,23.8,2.67,5573.99,-1.1,0,,,,,,,,,,,,,,,,,,,,,,,
15,0.625,0.13,4.76,23.74,2.7,5553.24,-1.1,0,,,,,,,,,,,,,,,,,,,,,,,
15,0.625,0.13,4.75,23.69,2.64,5582.95,-1.1,0,,,,,,,,,,,,,,,,,,,,,,,
15,0.625,0.13,4.73,23.65,2.56,5640.65,-1.1,-0.1,,,,,,,,,,,,,,,,,,,,,,,
15,0.625,0.13,4.72,23.61,2.58,5672.05,-1.1,-0.1,,,,,,,,,,,,,,,,,,,,,,,
15,0.625,0.13,4.7,23.57,2.51,5618.09,-1.1,-0.1,,,,,,,,,,,,,,,,,,,,,,,
15,0.625,0.13,4.68,23.54,2.46,5657.41,-1.1,-0.1,,,,,,,,,,,,,,,,,,,,,,,
15,0.625,0.13,4.67,23.5,2.52,5636.97,-1.2,-0.1,,,,,,,,,,,,,,,,,,,,,,,
15,0.625,0.13,4.65,23.46,2.52,5620.3,-1.2,-0.1,,,,,,,,,,,,,,,,,,,,,,,
15,0.625,0.13,4.63,23.41,2.56,5590.69,-1.2,0,,,,,,,,,,,,,,,,,,,,,,,
15,0.625,0.13,4.61,23.37,2.58,5564.79,-1.2,0,,,,,,,,,,,,,,,,,,,,,,,
15,0.625,0.13,4.6,23.33,2.54,5578.87,-1.2,0,,,,,,,,,,,,,,,,,,,,,,,
15,0.625,0.13,4.58,23.3,2.45,5549.67,-1.2,-0.1,,,,,,,,,,,,,,,,,,,,,,,
15,0.625,0.13,4.56,23.27,2.42,5607.39,-1.2,-0.1,,,,,,,,,,,,,,,,,,,,,,,
15,0.625,0.13,4.54,23.24,2.39,5607.11,-1.3,-0.1,,,,,,,,,,,,,,,,,,,,,,,
15,0.625,0.13,4.52,23.21,2.37,5622.43,-1.3,-0.1,,,,,,,,,,,,,,,,,,,,,,,
15,0.625,0.13,4.5,23.18,2.32,5596.54,-1.3,-0.2,,,,,,,,,,,,,,,,,,,,,,,
15,0.625,0.13,4.49,23.15,2.34,5561.38,-1.3,-0.1,,,,,,,,,,,,,,,,,,,,,,,
15,0.625,0.13,4.47,23.13,2.3,5564.56,-1.3,-0.1,,,,,,,,,,,,,,,,,,,,,,,
15,0.625,0.13,4.45,23.1,2.3,5578.49,-1.3,-0.1,,,,,,,,,,,,,,,,,,,,,,,
15,0.625,0.13,4.43,23.09,2.25,5591.14,-1.2,-0.2,,,,,,,,,,,,,,,,,,,,,,,
15,0.625,0.13,4.41,23.07,2.21,5603.03,-1.2,-0.2,,,,,,,,,,,,,,,,,,,,,,,
15,0.625,0.13,4.39,23.06,2.21,5634.76,-1.2,-0.2,,,,,,,,,,,,,,,,,,,,,,,
15,0.625,0.13,4.37,23.05,2.19,5595.15,-1.3,-0.2,,,,,,,,,,,,,,,,,,,,,,,
15,0.625,0.13,4.34,23.04,2.16,5615.19,-1.2,-0.2,,,,,,,,,,,,,,,,,,,,,,,
15,0.625,0.13,4.32,23.04,2.16,5665.04,-1.3,-0.2,,,,,,,,,,,,,,,,,,,,,,,
15,0.625,0.13,4.3,23.03,2.14,5662.44,-1.3,-0.2,,,,,,,,,,,,,,,,,,,,,,,
15,0.625,0.13,4.28,23.02,2.17,5624.52,-1.3,-0.2,,,,,,,,,,,,,,,,,,,,,,,
15,0.625,0.13,4.26,23.01,2.1,5569.02,-1.3,-0.2,,,,,,,,,,,,,,,,,,,,,,,
15,0.625,0.13,4.24,23,2.11,5562.25,-1.3,-0.2,,,,,,,,,,,,,,,,,,,,,,,
15,0.625,0.13,4.21,22.99,2.04,5513.76,-1.3,-0.3,,,,,,,,,,,,,,,,,,,,,,,
15,0.625,0.13,4.19,22.98,2.03,5557.99,-1.3,-0.3,,,,,,,,,,,,,,,,,,,,,,,
15,0.625,0.13,4.17,22.96,2.04,5559.43,-1.3,-0.3,,,,,,,,,,,,,,,,,,,,,,,
15,0.625,0.13,4.15,22.96,2.08,5613.85,-1.3,-0.2,,,,,,,,,,,,,,,,,,,,,,,
15,0.625,0.13,4.12,22.97,2.02,5642.74,-1.3,-0.2,,,,,,,,,,,,,,,,,,,,,,,
15,0.625,0.13,4.1,22.97,1.98,5598.39,-1.2,-0.3,,,,,,,,,,,,,,,,,,,,,,,
15,0.625,0.13,4.08,22.96,1.93,5556.89,-1.2,-0.3,,,,,,,,,,,,,,,,,,,,,,,
15,0.625,0.13,4.06,22.96,1.88,5532.25,-1.2,-0.3,,,,,,,,,,,,,,,,,,,,,,,
15,0.625,0.13,4.03,22.96,1.84,5560.8,-1.2,-0.4,,,,,,,,,,,,,,,,,,,,,,,
15,0.625,0.13,4.01,22.96,1.87,5524.41,-1.2,-0.3,,,,,,,,,,,,,,,,,,,,,,,
15,0.625,0.13,3.99,22.96,1.84,5521.65,-1.2,-0.3,,,,,,,,,,,,,,,,,,,,,,,
15,0.625,0.13,3.96,22.96,1.84,5569.28,-1.2,-0.3,,,,,,,,,,,,,,,,,,,,,,,
15,0.625,0.13,3.94,22.96,1.9,5533.75,-1.2,-0.3,,,,,,,,,,,,,,,,,,,,,,,
15,0.625,0.13,3.92,22.97,1.84,5546.75,-1.2,-0.3,,,,,,,,,,,,,,,,,,,,,,,
15,0.625,0.13,3.89,22.96,1.84,5534,-1.3,-0.3,,,,,,,,,,,,,,,,,,,,,,,
15,0.625,0.13,3.87,22.96,1.89,5492.57,-1.3,-0.3,,,,,,,,,,,,,,,,,,,,,,,
15,0.625,0.13,3.85,22.95,1.9,5511.43,-1.3,-0.2,,,,,,,,,,,,,,,,,,,,,,,
15,0.625,0.13,3.82,22.95,1.84,5522.36,-1.3,-0.3,,,,,,,,,,,,,,,,,,,,,,,
15,0.625,0.13,3.8,22.96,1.89,5560.78,-1.3,-0.2,,,,,,,,,,,,,,,,,,,,,,,
15,0.625,0.13,3.77,22.97,1.94,5615.46,-1.3,-0.2,,,,,,,,,,,,,,,,,,,,,,,
15,0.625,0.13,3.75,22.98,1.91,5645.94,-1.4,-0.2,,,,,,,,,,,,,,,,,,,,,,,
15,0.625,0.13,3.73,22.99,1.88,5673.9,-1.3,-0.2,,,,,,,,,,,,,,,,,,,,,,,
15,0.625,0.13,3.7,23.01,1.85,5724.04,-1.4,-0.3,,,,,,,,,,,,,,,,,,,,,,,
15,0.625,0.13,3.68,23.03,1.84,5723.87,-1.5,-0.3,,,,,,,,,,,,,,,,,,,,,,,
15,0.625,0.13,3.65,23.05,1.91,5757.22,-1.5,-0.2,,,,,,,,,,,,,,,,,,,,,,,
15,0.625,0.13,3.63,23.07,1.87,5746.58,-1.5,-0.2,,,,,,,,,,,,,,,,,,,,,,,
15,0.625,0.13,3.6,23.08,1.84,5725.02,-1.5,-0.3,,,,,,,,,,,,,,,,,,,,,,,
15,0.625,0.13,3.58,23.1,1.8,5753.18,-1.5,-0.3,,,,,,,,,,,,,,,,,,,,,,,
15,0.625,0.13,3.55,23.13,1.79,5798.71,-1.5,-0.3,,,,,,,,,,,,,,,,,,,,,,,
15,0.625,0.13,3.52,23.15,1.8,5799.13,-1.5,-0.3,,,,,,,,,,,,,,,,,,,,,,,
15,0.625,0.13,3.5,23.17,1.81,5806.24,-1.5,-0.3,,,,,,,,,,,,,,,,,,,,,,,
15,0.625,0.13,3.47,23.2,1.79,5853.41,-1.5,-0.3,,,,,,,,,,,,,,,,,,,,,,,
15,0.625,0.13,3.44,23.23,1.74,5836.57,-1.5,-0.3,,,,,,,,,,,,,,,,,,,,,,,
15,0.625,0.13,3.41,23.25,1.67,5831.3,-1.5,-0.4,,,,,,,,,,,,,,,,,,,,,,,
15,0.625,0.13,3.39,23.28,1.68,5830.29,-1.4,-0.4,,,,,,,,,,,,,,,,,,,,,,,
15,0.625,0.13,3.36,23.31,1.67,5835.94,-1.4,-0.4,,,,,,,,,,,,,,,,,,,,,,,
15,0.625,0.13,3.33,23.34,1.66,5801.72,-1.4,-0.4,,,,,,,,,,,,,,,,,,,,,,,
15,0.625,0.13,3.3,23.36,1.69,5783.18,-1.4,-0.3,,,,,,,,,,,,,,,,,,,,,,,
15,0.625,0.13,3.27,23.38,1.69,5783.56,-1.5,-0.3,,,,,,,,,,,,,,,,,,,,,,,
15,0.625,0.13,3.24,23.4,1.62,5741.37,-1.4,-0.4,,,,,,,,,,,,,,,,,,,,,,,
15,0.625,0.13,3.21,23.41,1.67,5689.94,-1.5,-0.3,,,,,,,,,,,,,,,,,,,,,,,
15,0.625,0.13,3.19,23.43,1.69,5722.09,-1.4,-0.3,,,,,,,,,,,,,,,,,,,,,,,
15,0.625,0.13,3.16,23.45,1.71,5756.28,-1.4,-0.3,,,,,,,,,,,,,,,,,,,,,,,
15,0.625,0.13,3.13,23.48,1.67,5809.89,-1.4,-0.3,,,,,,,,,,,,,,,,,,,,,,,
15,0.625,0.13,3.09,23.51,1.61,5845.27,-1.4,-0.3,,,,,,,,,,,,,,,,,,,,,,,
15,0.625,0.13,3.06,23.55,1.55,5897.38,-1.4,-0.4,,,,,,,,,,,,,,,,,,,,,,,
15,0.625,0.13,3.03,23.59,1.51,5931.5,-1.3,-0.4,,,,,,,,,,,,,,,,,,,,,,,
15,0.625,0.13,3,23.63,1.52,5883.39,-1.3,-0.4,,,,,,,,,,,,,,,,,,,,,,,
15,0.625,0.13,2.97,23.66,1.55,5888.4,-1.3,-0.4,,,,,,,,,,,,,,,,,,,,,,,
15,0.625,0.13,2.93,23.7,1.51,5903.15,-1.4,-0.4,,,,,,,,,,,,,,,,,,,,,,,
15,0.625,0.13,2.9,23.74,1.54,5915.3,-1.3,-0.4,,,,,,,,,,,,,,,,,,,,,,,
15,0.625,0.13,2.87,23.78,1.46,5903.66,-1.3,-0.4,,,,,,,,,,,,,,,,,,,,,,,
15,0.625,0.13,2.83,23.82,1.42,5895.72,-1.3,-0.5,,,,,,,,,,,,,,,,,,,,,,,
